menu_item_uuid,name,image_url,category,featured,labels
592d4cf8-e000-4a27-a81f-ce19a6557828,Buttermilk Pancakes,,Americana,False,"[""Dairy"", ""Eggs"", ""Halal Ingredient"", ""Soy"", ""Vegetarian"", ""Gluten""]"
05efb48e-6adc-4cf6-b0de-074ee33173b5,Scrambled Eggs,,Americana,False,"[""Eggs"", ""Halal Ingredient"", ""Vegetarian""]"
9458dd74-5aee-4f74-a2af-5ef99012a542,Tater Tots,,Americana,False,"[""Soy"", ""Vegan""]"
3465911f-b833-496d-837d-3099a6307f9b,Vegan Breakfast Sausage Patty,,Americana,False,"[""Halal Ingredient"", ""Soy"", ""Vegan"", ""Gluten""]"
49432e49-b0b4-4058-ae42-3a5d7e72bee4,Beef Hot Link Sausage,,Americana,False,"[""Pork""]"
a43dd23e-2b51-4b2b-9657-395bc5a2d265,Bacon,,Americana,False,"[""Pork""]"
9e974e7a-14d7-4974-9f53-ff609c6a97f8,Boiled Eggs,,Americana,False,"[""Eggs"", ""Halal Ingredient"", ""Vegetarian""]"
9c5fcc8d-ff90-4a22-9569-c2e7ba7b2347,Oatmeal,,Americana,False,"[""Halal Ingredient"", ""Vegan"", ""Gluten""]"
959fcb38-94aa-4886-9a96-4423c4b1eb91,MADE TO ORDER OMELETES,,Bistro,False,[]
a47e9cb5-9766-449b-9698-7cf126dbeb31,Eggs,,Bistro,False,"[""Eggs"", ""Halal Ingredient"", ""Vegetarian""]"
c7551f7c-0dc5-4093-bde4-053f89eef1f2,Egg Whites,,Bistro,False,"[""Eggs"", ""Halal Ingredient"", ""Vegetarian""]"
5f9e16af-37a0-4b03-9eed-e6a8d5588455,Diced Tofu,,Bistro,False,"[""Halal Ingredient"", ""Soy"", ""Vegan""]"
0838f078-d96a-481e-bccd-97a115355fbc,Chopped Turkey,,Bistro,False,[]
68c2b854-9562-426c-a33a-ad4635ca8dc7,Chopped Bacon,,Bistro,False,"[""Pork""]"
569f5fbc-687c-4be7-a90e-bbb759b09246,Chopped Ham,,Bistro,False,"[""Pork""]"
d8c616f9-ff6c-45d9-8c65-d204711c4f8d,Pork Chorizo,,Bistro,False,"[""Pork"", ""Soy""]"
4800d00f-61b5-45cf-bda3-1ce98287c24a,Chopped Bell Peppers,,Bistro,False,"[""Halal Ingredient"", ""Vegan""]"
c4e2966a-19a8-4ee4-81e9-259f9b5d9175,Chopped Onion,,Bistro,False,"[""Halal Ingredient"", ""Vegan""]"
1a1e6a9b-fb44-47f1-b397-c3940d9516fe,Chopped Tomatoes,,Bistro,False,"[""Halal Ingredient"", ""Vegan""]"
3d9947b2-1327-42c5-834b-0f50bf42c175,Baby Spinach,,Bistro,False,"[""Halal Ingredient"", ""Vegan""]"
e7eb0ad3-aeaf-4ccb-b619-f6aeb16b9dfe,Sliced Mushrooms,,Bistro,False,"[""Halal Ingredient"", ""Vegan""]"
f4610f05-28ad-4a4b-96b9-f8df4385322c,Pickled Jalapenos,,Bistro,False,"[""Halal Ingredient"", ""Vegan""]"
b3a026aa-4f58-4f38-9424-3cdda6043cfc,Black Olives,,Bistro,False,"[""Halal Ingredient"", ""Vegan""]"
2dae08c4-061a-497a-af49-6aabb3465b5f,Shredded Monterey Jack and Cheddar Cheese Blend,,Bistro,False,"[""Dairy"", ""Halal Ingredient"", ""Vegetarian""]"
88666bd8-5e64-48a6-b130-f3866734860a,Spicy Salsa Verde,,Bistro,False,"[""Halal Ingredient"", ""Vegan""]"
7e615792-7c6f-43ce-ad37-87ce068b485e,Spicy Salsa Molcajete,,Bistro,False,"[""Halal Ingredient"", ""Vegan""]"
81382e35-7317-49fc-8a94-c28cb43e3488,Assorted Bagels,,Pizza/Salad Bar,False,"[""Halal Ingredient"", ""Sesame"", ""Soy"", ""Vegetarian"", ""Gluten""]"
9fdf5b52-da53-4ff1-ad7c-030097b8ba2d,Assorted Breakfast Pastries,,Pizza/Salad Bar,False,"[""Food Not Analyzed For Allergens""]"
d27416a9-0d84-4fad-8e63-0f602be2ba54,Assorted Fruits,,Pizza/Salad Bar,False,"[""Halal Ingredient"", ""Vegan""]"
c761c4df-6692-4d23-a5f6-5a165ce96b38,Cottage Cheese,,Pizza/Salad Bar,False,"[""Dairy"", ""Halal Ingredient"", ""Vegetarian""]"
559a8c7a-f229-4248-9135-f1d7ad242c70,Plain Greek Yogurt,,Pizza/Salad Bar,False,"[""Dairy"", ""Halal Ingredient"", ""Vegetarian""]"
ff3ae842-72c3-400f-88fb-b1e82eb875a3,Strawberry Yogurt,,Pizza/Salad Bar,False,"[""Dairy""]"
73cfe5d7-d449-4b1b-8be2-4406d25162d1,Vanilla Yogurt,,Pizza/Salad Bar,False,"[""Dairy"", ""Vegetarian""]"
f9ed3843-0278-4541-a183-0c1d6036dc1e,Dairy Free Vegan Coconut Yogurt Available Upon Request,,Pizza/Salad Bar,False,"[""Halal Ingredient"", ""Vegan""]"
433a627d-44f4-4d20-b9a5-e3ff29a394d9,SALAD AND DELI BAR,,Pizza/Salad Bar,False,[]
d62ee774-bb19-40de-b3fc-4d24aa5be41b,Assorted Fruits,,Pizza/Salad Bar,False,"[""Halal Ingredient"", ""Vegan""]"
c26a2b05-5bfc-492b-ab6c-0fbecb14e51f,Chopped Veggie Salad with Avocado Dressing,,Pizza/Salad Bar,False,"[""Halal Ingredient"", ""Vegan""]"
518f7b6d-37da-47fb-92a2-6734ee4777ce,Creamy Chicken and Bacon Pita Pizza (contains coconut),,Pizza/Salad Bar,False,"[""Dairy"", ""Pork"", ""Soy"", ""Gluten""]"
6b25bb89-d949-41bc-9cf0-b343564975a9,Cheesy BBQ Pita Pizza,,Pizza/Salad Bar,False,"[""Dairy"", ""Soy"", ""Vegetarian"", ""Gluten""]"
cec611fa-1971-4e18-a617-1ab1f68ea7ef,AAZ Italian Herb Pork,,Allergen Awareness Zone (must register for access),False,"[""Pork""]"
d40ff9c9-64a5-4093-a2e9-5baaf54afe84,AAZ Jasmine Rice,,Allergen Awareness Zone (must register for access),False,"[""Halal Ingredient"", ""Vegan""]"
c69aa256-a76b-4fc7-ba70-715b4360e903,AAZ Roasted Turnips,,Allergen Awareness Zone (must register for access),False,"[""Vegan""]"
95810b6f-8056-4f92-a0aa-52cf59e3ed1f,Roasted Chicken with Creamy Red Wine Mushroom Sauce,,Eurasia,False,"[""Dairy"", ""Gluten""]"
2367e305-888e-44be-acb7-945c0063af60,Baked Tilapia with Basil Pesto,,Eurasia,False,"[""Dairy"", ""Fish"", ""Halal Ingredient""]"
7af7157a-28cf-4c8c-a75a-d6ffcf0659b7,Ratatouille with White Beans,,Eurasia,False,"[""Halal Ingredient"", ""Vegan""]"
b72a49b0-b139-47d5-8e32-8105434d2d31,Sauteed Cabbage Blend,,Eurasia,False,"[""Halal Ingredient"", ""Vegan""]"
a9390ffc-c981-46b8-aeb1-be0620766ec2,Roasted Yellow Squash,,Eurasia,False,"[""Halal Ingredient"", ""Vegan""]"
ed65fc3c-8154-4166-aef0-b266d01b50ed,Steamed Carrots,,Eurasia,False,"[""Halal Ingredient"", ""Vegan""]"
9d5fcd17-fb1b-411c-83ed-0c217322184a,Steamed Rainbow Chard,,Eurasia,False,"[""Halal Ingredient"", ""Vegan""]"
2a0f3066-f042-49c6-92d7-9cb6f5ab1400,Plain Pasta,,Eurasia,False,"[""Halal Ingredient"", ""Vegan"", ""Gluten""]"
eb1da9dd-a1b0-4e4c-972a-ff21437d0aa6,Alfredo Sauce (contains coconut),,Eurasia,False,"[""Dairy"", ""Vegetarian"", ""Gluten""]"
df013aa2-5645-4a5b-819e-0e1ece24c24e,"Beef, Vegetable and Barley Soup",,Eurasia,False,"[""Soy"", ""Gluten""]"
0044930f-b8fc-4dc2-aea3-770423d01258,"Sweet Potato, Bean and Chipotle Soup",,Eurasia,False,"[""Halal Ingredient"", ""Sesame"", ""Soy"", ""Vegan""]"
408b1330-8315-4f73-86ef-19e157b36d5a,Cajun Jackfruit Wrap with Spicy Coleslaw,,Americana,False,"[""Halal Ingredient"", ""Soy"", ""Vegan"", ""Gluten""]"
b3983cd5-716a-4ffb-ab8b-78c252d3162a,Ham and Cheese Sandwich on Sliced French Bread,,Americana,False,"[""Dairy"", ""Pork"", ""Soy"", ""Gluten""]"
cba67b64-aa1b-4521-9961-102278f4cae3,Ruffles Potato Chips,,Americana,False,"[""Halal Ingredient"", ""Soy"", ""Vegan""]"
71a0e22f-a2ea-43d1-9f5a-2325a9c06c21,APPETIZER BAR,,Bistro,False,[]
51a91420-6813-4088-8b78-93e8952589a1,Chicken Flautas,,Bistro,False,"[""Dairy"", ""Soy"", ""Gluten""]"
95230a77-764c-4cbf-b2a7-043f7a7c589f,Beef Chimichangas,,Bistro,False,"[""Dairy"", ""Soy"", ""Gluten""]"
3d51c4f4-eb4e-4a67-96cc-d2d7a01d6a94,Beef and Pork Corn Dogs,,Bistro,False,"[""Dairy"", ""Eggs"", ""Pork"", ""Soy"", ""Gluten""]"
425657f7-a482-48c9-8b7e-fc91ea0cedb1,Spicy Buffalo Fried Cauliflower Bites,,Bistro,False,"[""Dairy"", ""Soy"", ""Vegetarian"", ""Gluten""]"
2d0fc86e-9f89-4a84-a9a9-4d5555d45c0e,Fried Okra,,Bistro,False,"[""Vegan"", ""Gluten""]"
97b5625b-57f6-4445-a66c-40e28e159fd9,Spicy Salsa Verde,,Bistro,False,"[""Halal Ingredient"", ""Vegan""]"
095d4679-b21d-471c-9efe-da37b8cdb96c,Remoulade Sauce,,Bistro,False,"[""Eggs"", ""Fish"", ""Soy""]"
0ad570f2-1348-467b-b7bf-e158cb0ff35e,AAZ Curried Stir Fried Beef with Broccoli,,Allergen Awareness Zone (must register for access),False,"[""Halal Ingredient""]"
33ff844e-94fc-4a9c-bd76-e3f8fbaab348,AAZ Steamed Quinoa,,Allergen Awareness Zone (must register for access),False,"[""Halal Ingredient"", ""Vegan""]"
fc5dec23-b635-4224-9456-71cb230accb9,AAZ Steamed California Blend Veggies,,Allergen Awareness Zone (must register for access),False,"[""Halal Ingredient"", ""Vegan""]"
2cefb1a4-e164-438d-8f04-b4c1bdfd329f,SALAD AND DELI BAR,,Pizza/Salad Bar,False,[]
0ceef22d-9ee0-40ae-a2ce-64968ad47437,Assorted Fruits,,Pizza/Salad Bar,False,"[""Halal Ingredient"", ""Vegan""]"
c677c455-8ae8-4bc7-b3ce-8483cd262c65,Chopped Veggie Salad with Avocado Dressing,,Pizza/Salad Bar,False,"[""Halal Ingredient"", ""Vegan""]"
dde91e6f-e1d5-40f2-8281-313af876043d,Creamy Chicken and Bacon Pita Pizza (contains coconut),,Pizza/Salad Bar,False,"[""Dairy"", ""Pork"", ""Soy"", ""Gluten""]"
79e8b10a-b323-4996-b003-476c1cd27d2c,Cheesy BBQ Pita Pizza,,Pizza/Salad Bar,False,"[""Dairy"", ""Soy"", ""Vegetarian"", ""Gluten""]"
c13135d1-f1aa-4930-88e7-95fa00522517,Grilled Chicken with Chimichurri,,Eurasia,False,"[""Halal Ingredient""]"
bc52a304-de77-4820-a0e5-971c579831f8,Sauteed Lemon Pepper Shrimp,,Eurasia,False,"[""Halal Ingredient"", ""Shellfish""]"
d7c4828b-a7ab-415b-8c80-28621275aa70,Baked Tofu with Mint Chimichurri,,Eurasia,False,"[""Halal Ingredient"", ""Soy"", ""Vegan""]"
29743a9b-5c52-4c57-941a-91c477ed32d4,Braised Bean Red with Tomato and Sage,,Eurasia,False,"[""Halal Ingredient"", ""Vegan""]"
2881b4b2-0bc4-4013-b40e-6dc4318db89b,Sweet Potato Mash,,Eurasia,False,"[""Dairy"", ""Halal Ingredient"", ""Vegetarian""]"
2ad10b88-dce0-46a4-88c8-6be8ab6122d1,Quinoa Pilaf,,Eurasia,False,"[""Halal Ingredient"", ""Vegan""]"
09cea00f-9690-46d8-9127-cb288986538a,Roasted Brussels Sprouts,,Eurasia,False,"[""Halal Ingredient"", ""Vegan""]"
23c6972a-6ca5-4a47-a2a6-ed652bf693c9,Roasted Beets,,Eurasia,False,"[""Halal Ingredient"", ""Vegan""]"
796ea443-44a3-43b0-a032-08eea2467fca,Plain Pasta,,Eurasia,False,"[""Halal Ingredient"", ""Vegan"", ""Gluten""]"
69eea382-fcbf-462e-be61-e113831336e5,Alfredo Sauce (contains coconut),,Eurasia,False,"[""Dairy"", ""Vegetarian"", ""Gluten""]"
274d1208-1678-4176-bb56-dbef246e6f93,"Beef, Vegetable and Barley Soup",,Eurasia,False,"[""Soy"", ""Gluten""]"
c6cd4975-c76d-4425-9a50-281768a806cf,"Sweet Potato, Bean and Chipotle Soup",,Eurasia,False,"[""Halal Ingredient"", ""Sesame"", ""Soy"", ""Vegan""]"
44ddc200-a030-449d-b2d3-b8c6577b7076,Cajun Jackfruit Wrap with Spicy Coleslaw,,Americana,False,"[""Halal Ingredient"", ""Soy"", ""Vegan"", ""Gluten""]"
888d7a6f-bf6d-45a5-8d6a-b8734568fe6b,Ham and Cheese Sandwich on Sliced French Bread,,Americana,False,"[""Dairy"", ""Pork"", ""Soy"", ""Gluten""]"
a27da2af-27f2-4d51-94d8-23fbe72c3f11,Ruffles Potato Chips,,Americana,False,"[""Halal Ingredient"", ""Soy"", ""Vegan""]"
f87a8a12-967b-4965-9563-865bf9f02c74,APPETIZER BAR,,Bistro,False,[]
6d84bbc6-6dff-488e-9ac0-b5e85e62c2a6,Chicken Flautas,,Bistro,False,"[""Dairy"", ""Soy"", ""Gluten""]"
58e8b6ea-47d4-4824-8708-bf78ab7d9b43,Beef Chimichangas,,Bistro,False,"[""Dairy"", ""Soy"", ""Gluten""]"
fa965a7c-8410-4a16-9332-0143f1379e50,Beef and Pork Corn Dogs,,Bistro,False,"[""Dairy"", ""Eggs"", ""Pork"", ""Soy"", ""Gluten""]"
0dbaf170-12ad-45c0-96bc-19c4e8fb49f7,Spicy Buffalo Fried Cauliflower Bites,,Bistro,False,"[""Dairy"", ""Soy"", ""Vegetarian"", ""Gluten""]"
577cc5d8-ff36-48fd-91ce-ef87d2855a8a,Fried Okra,,Bistro,False,"[""Vegan"", ""Gluten""]"
5c428e1b-e628-40c3-be33-8e84ec28224b,Spicy Salsa Verde,,Bistro,False,"[""Halal Ingredient"", ""Vegan""]"
d78fd7f8-4cd0-4ca4-84e9-67dd9acb44fb,Remoulade Sauce,,Bistro,False,"[""Eggs"", ""Fish"", ""Soy""]"
d498c6b1-e4bb-46c0-92d5-329950d0e595,Scrambled Tofu and Black Bean Wrap,,Plant Based,False,"[""Halal Ingredient"", ""Soy"", ""Vegan"", ""Gluten""]"
9b521edc-6dd6-478b-9bf6-97bd291253e6,Steamed Green and Yellow Squash,,Plant Based,False,"[""Halal Ingredient"", ""Vegan""]"
b0d36162-cddb-4558-9675-2e7e5b5e78ba,Dairy Free Vegan Coconut Yogurt Available Upon Request,,Plant Based,False,"[""Halal Ingredient"", ""Vegan""]"
3da0d7d9-5875-4403-a3ec-ce4e5ea8c1e3,MADE TO ORDER BREAKFAST SCRAMBLES,,Flexitarian,False,[]
b3d9ee5b-af7f-46cc-a569-73a7ec13a00d,Eggs and tofu are cooked in plant based butter,,Flexitarian,False,"[""Halal Ingredient"", ""Soy"", ""Vegan""]"
ba3f3665-5414-4350-881a-92a288c7e019,Eggs,,Flexitarian,False,"[""Eggs"", ""Halal Ingredient"", ""Vegetarian""]"
6b57a1a5-c703-4b1a-bfed-37ebf8c585c6,Egg Whites,,Flexitarian,False,"[""Eggs"", ""Halal Ingredient"", ""Vegetarian""]"
dbd3c6ef-c0a9-4cce-bd0b-57ccf6d488a3,Tofu,,Flexitarian,False,"[""Halal Ingredient"", ""Soy"", ""Vegan""]"
10ec4dbf-1034-4a33-b8aa-fe05784cbcbd,Chopped Turkey,,Flexitarian,False,[]
0c33260a-436c-43ec-a15f-0763bb0c4c25,Chopped Bacon,,Flexitarian,False,"[""Pork""]"
4d90a419-5b2f-4b38-bc11-63dd1943723d,Chopped Ham,,Flexitarian,False,"[""Pork""]"
1069f5a1-fdee-4f19-ad39-8d603f379fa2,Chopped Bell Peppers,,Flexitarian,False,"[""Halal Ingredient"", ""Vegan""]"
10d5a408-9233-44f4-a182-db95df22a16e,Chopped Onion,,Flexitarian,False,"[""Halal Ingredient"", ""Vegan""]"
6116589f-db24-4afa-9904-62ba391cc983,Chopped Tomatoes,,Flexitarian,False,"[""Halal Ingredient"", ""Vegan""]"
5964a9d5-b51f-4863-835a-c02048710ea6,Sliced Mushrooms,,Flexitarian,False,"[""Halal Ingredient"", ""Vegan""]"
38aaeb7f-6ff1-4c3b-8556-2131c415e71c,Baby Spinach,,Flexitarian,False,"[""Halal Ingredient"", ""Vegan""]"
1656f378-4d89-4724-b52b-21899fed1c25,Shredded Monterey Jack and Cheddar Cheese Blend,,Flexitarian,False,"[""Dairy"", ""Halal Ingredient"", ""Vegetarian""]"
4c9db513-b9d1-49e3-b9ed-6eca85f66b28,Oatmeal,,Salad Bar,False,"[""Halal Ingredient"", ""Vegan"", ""Gluten""]"
4db494de-e3ee-4b6a-bfc2-5d995e7a2bc7,Assorted Hand Fruit,,Breakfast/Dessert/Fruit,False,"[""Halal Ingredient"", ""Vegan""]"
5200c3e8-2635-4e74-a59b-2b9d0b7aa986,Breakfast Pastries (may contain nuts/peanuts),,Breakfast/Dessert/Fruit,False,"[""Food Not Analyzed For Allergens""]"
f2c6a1c5-6f5e-4d5b-bfbd-bc39bb9cf41d,Assorted Bagels,,Breakfast/Dessert/Fruit,False,"[""Halal Ingredient"", ""Sesame"", ""Soy"", ""Vegetarian"", ""Gluten""]"
1f6b30a0-3acb-4346-97a5-ba1a1897926d,Cream Cheese,,Breakfast/Dessert/Fruit,False,"[""Dairy"", ""Halal Ingredient"", ""Vegetarian""]"
7b970cc1-1762-4659-a962-c46bf7195437,Butter Balls,,Breakfast/Dessert/Fruit,False,"[""Dairy"", ""Halal Ingredient"", ""Vegetarian""]"
d4504c18-249e-44d7-a1fc-b38cf8cca4c8,Plain Greek Yogurt,,Deli Bar,False,"[""Dairy"", ""Halal Ingredient"", ""Vegetarian""]"
e4ad18e9-45b3-4e14-977c-7e5310d1c3d4,Strawberry Yogurt,,Deli Bar,False,"[""Dairy""]"
294f7ada-7ae2-4909-867b-1cc392392223,Oat n' Honey Granola,,Deli Bar,False,"[""Soy"", ""Vegetarian"", ""Gluten""]"
7274ca0e-416b-4b53-bc37-de48c6225836,Assorted Berries,,Deli Bar,False,"[""Halal Ingredient"", ""Vegan""]"
fe64a557-d899-42a3-a968-2a15d5e35ec4,Grapefruit,,Deli Bar,False,"[""Halal Ingredient"", ""Vegan""]"
39b56aa9-fed8-447a-aad8-ea3a27ada8a8,Freshly Squeezed Orange Juice,,Deli Bar,False,"[""Halal Ingredient"", ""Vegan""]"
6b9ab73d-bf8a-4d58-88e7-2d9a19a4363f,"Scrambled Egg, Cheese and Mushroom Breakfast Sliders",,Expo,False,"[""Dairy"", ""Eggs"", ""Soy"", ""Vegetarian"", ""Gluten""]"
86b9fffd-2ff2-4cb1-b643-c4f0b63f0d25,Bacon,,Expo,False,"[""Pork""]"
13e2aadf-13a7-4414-951b-219309644cd4,Scrambled Eggs,,Expo,False,"[""Eggs"", ""Halal Ingredient"", ""Vegetarian""]"
92b83df4-325f-4e45-8de9-b33c62333341,Boiled Eggs,,Expo,False,"[""Eggs"", ""Halal Ingredient"", ""Vegetarian""]"
55361f42-4897-4740-8c76-ff008ceee89d,Cajun Hash Browns,,Expo,False,"[""Halal Ingredient"", ""Soy"", ""Vegan""]"
f32d62b8-dad3-4ec4-ae42-9ea900ca6816,Beef Hot Link Sausage,,Expo,False,"[""Pork""]"
f287c19e-71ca-4484-aacd-aa5141f03036,Morningstar Farms Vegetarian Sausage Patty,,Expo,False,"[""Dairy"", ""Eggs"", ""Soy"", ""Vegetarian"", ""Gluten""]"
c19060fd-4690-43a6-b2b3-eca4a4f6a58c,Beef Ribeye Bulgogi,,Expo,False,"[""Sesame"", ""Soy"", ""Gluten""]"
e12cd171-64dc-4329-8322-93444f72db92,Meatless Veggie Chik'n Bulgogi,,Expo,False,"[""Sesame"", ""Soy"", ""Vegan"", ""Gluten""]"
01173b3b-2885-4549-acd0-eea118e71e4e,Steamed Jasmine Rice,,Expo,False,"[""Halal Ingredient"", ""Vegan""]"
a608c45e-1b60-4ec3-b73b-0e105e717276,Shredded Carrots,,Expo,False,"[""Halal Ingredient"", ""Vegan""]"
2f49c5fe-7c00-4282-a664-c6a05bd2a6a6,Sliced Red Onion,,Expo,False,"[""Halal Ingredient"", ""Vegan""]"
5875b9d1-ca9a-4f5e-86b0-21229af6c204,Sliced Green Onions,,Expo,False,"[""Halal Ingredient"", ""Vegan""]"
8d470408-9bbf-463e-b8aa-ad815d21b9a1,Kimchi,,Expo,False,"[""Fish"", ""Sesame"", ""Shellfish"", ""Soy"", ""Gluten""]"
cc592fbf-f0c2-464b-b25e-0fb61f6f2fa4,Chopped Cilantro,,Expo,False,"[""Halal Ingredient"", ""Vegan""]"
19abc16b-fb86-4d01-812e-5bd2ffc48883,Bean Sprouts,,Expo,False,"[""Halal Ingredient"", ""Vegan""]"
6b1ef069-e0fa-4b4a-9eab-68511a3f2633,Sesame Seeds,,Expo,False,"[""Halal Ingredient"", ""Sesame"", ""Vegan""]"
bcdc07e2-2ac3-4a7f-a142-78af9b6c3d38,Nori,,Expo,False,"[""Halal Ingredient"", ""Vegan""]"
1ac8d596-0d00-40fb-9bef-98a59337fc9e,Cucumber Lemon Agave Chia Water,,Deli Bar,False,"[""Halal Ingredient"", ""Vegan""]"
e2e6aece-341f-4e34-860c-cdeac679906f,Cut Assorted Melon,,Deli Bar,False,"[""Halal Ingredient"", ""Vegan""]"
86acb54a-3962-4ba7-b4a4-fc2d1b501390,Tuna Salad,,Deli Bar,False,"[""Eggs"", ""Fish"", ""Soy""]"
7a817550-17c6-47eb-ba2a-3a3c4d2c8f02,Sliced Ham,,Deli Bar,False,"[""Pork""]"
783958f7-b0ce-4d08-bc79-6195f382c41d,Sliced Turkey,,Deli Bar,False,[]
c9face4e-8dbe-4e23-b0b0-6cd53658b3fa,Assorted Sliced Cheese,,Deli Bar,False,"[""Dairy"", ""Halal Ingredient"", ""Vegetarian""]"
3b79f782-573e-421d-952f-72c81dcaac3e,Dijon Mustard,,Deli Bar,False,"[""Vegetarian""]"
6f8751cd-517a-42b4-8275-6d1854d1ed6c,Mayonnaise,,Deli Bar,False,"[""Eggs"", ""Halal Ingredient"", ""Soy"", ""Vegetarian""]"
9db504f3-2e4b-4b68-8721-baa3de12d9dc,Lettuce,,Deli Bar,False,"[""Halal Ingredient"", ""Vegan""]"
4bd842fc-32d4-4a7b-a4d1-c3033f580df1,Sliced Tomatoes,,Deli Bar,False,"[""Halal Ingredient"", ""Vegan""]"
51d1a9a1-c8c0-4437-8227-c30cfd5fd175,Sliced Onions,,Deli Bar,False,"[""Halal Ingredient"", ""Vegan""]"
abbdeccb-581e-42b9-93b7-80f3f79f7d1d,Dill Pickles,,Deli Bar,False,"[""Halal Ingredient"", ""Vegan""]"
7bd19ac3-d326-43be-9f3d-828e6bd5c788,Sliced Honey Wheat Bread,,Deli Bar,False,"[""Dairy"", ""Halal Ingredient"", ""Vegetarian"", ""Gluten""]"
60968cf4-29c7-4d63-8f69-2fcea1d239e4,Sliced Multi Grain Bread,,Deli Bar,False,"[""Halal Ingredient"", ""Vegetarian"", ""Gluten""]"
96a9b104-41c8-4745-8b4b-20d10306edb0,Sliced French Bread,,Deli Bar,False,"[""Halal Ingredient"", ""Vegan"", ""Gluten""]"
42b65f4d-684d-41cf-8e70-db32f4abf551,Little Northern Bakehouse Allergen Free Bread Available Upon Request,,Deli Bar,False,"[""Halal Ingredient"", ""Vegan""]"
f881ca40-9e12-421e-af78-c72cbb4a1c16,Assorted Pastries/Desserts (may contain nuts/peanuts),,Breakfast/Dessert/Fruit,False,"[""Food Not Analyzed For Allergens""]"
8e908f1e-cfe8-4f9a-8e5d-9306e2454137,Assorted Fruits,,Breakfast/Dessert/Fruit,False,"[""Halal Ingredient"", ""Vegan""]"
feed7ab1-38c3-438a-ac62-200f089c5822,Peach Shortcake,,Breakfast/Dessert/Fruit,False,"[""Dairy"", ""Vegetarian"", ""Gluten""]"
ff021e7b-158d-48a5-a687-f9e8ea09b937,Veggie Burrito Bowl,,Plant Based,False,"[""Halal Ingredient"", ""Vegan""]"
b6daecab-5eda-4c82-948a-93360a1ec815,Coconut Cilantro Marinated Tofu,,Plant Based,False,"[""Halal Ingredient"", ""Soy"", ""Vegan""]"
5acb68ec-fb0a-453b-a087-dbaf8afd9cb1,Vegetable Tamari Sweet Potato Noodles,,Plant Based,False,"[""Halal Ingredient"", ""Soy"", ""Vegan""]"
46e1379c-5ac8-4214-98da-acbb8170bae4,*NUTS AND PEANUTS ARE USED HERE*,,Crepes,False,[]
8620d0a7-ac9b-497c-9189-fd799622919f,FUNNEL FRIES BAR,,Crepes,False,[]
7ce5d19f-25d5-4232-b5e6-bbd01e696752,Funnel Fries,,Crepes,False,"[""Dairy"", ""Eggs"", ""Soy"", ""Vegetarian"", ""Gluten""]"
7f22d306-0b64-496d-b78f-9f3808fb30cf,Whipped Cream,,Crepes,False,"[""Dairy"", ""Halal Ingredient"", ""Vegetarian""]"
5fb4dec5-5076-42a3-9545-3a54b78f5cdf,Assorted Fruits,,Crepes,False,"[""Halal Ingredient"", ""Vegan""]"
b2c838cd-4978-4a55-b2e3-df2332769be9,Assorted Nuts,,Crepes,False,"[""Halal Ingredient"", ""Tree Nuts"", ""Vegan""]"
365c8e2e-4f29-40fb-a1b6-859061e09476,Chopped Peanuts,,Crepes,False,"[""Halal Ingredient"", ""Peanuts"", ""Vegan""]"
3643844d-4ab3-4fd2-ad46-419846c2b970,Unsweetened Shredded Coconut,,Crepes,False,"[""Halal Ingredient"", ""Vegan""]"
44685602-c33a-43da-b7be-20e931246ea8,Powdered Sugar,,Crepes,False,"[""Halal Ingredient"", ""Vegetarian""]"
8d1c3443-f648-415d-9046-d47a248ebcbe,Brown Sugar,,Crepes,False,"[""Halal Ingredient"", ""Vegetarian""]"
701fe8ef-99c4-4b7e-927c-3c3c0a641717,Chocolate Chips,,Crepes,False,"[""Dairy"", ""Soy"", ""Vegetarian""]"
b01b34ce-7a1e-4969-96f5-e05ca9932a17,Oat n' Honey Granola,,Crepes,False,"[""Soy"", ""Vegetarian"", ""Gluten""]"
bb0776c5-442e-45e2-a29c-4599ecebfb53,Vanilla Wafers,,Crepes,False,"[""Dairy"", ""Eggs"", ""Soy"", ""Vegetarian"", ""Gluten""]"
a466fdb4-429f-458b-941a-32872c342b4a,Crumbled Oreo Cookies,,Crepes,False,"[""Soy"", ""Vegetarian"", ""Gluten""]"
16a18cb6-a97e-4add-9ecf-a65267a15f88,Raspberry Sauce,,Crepes,False,"[""Vegetarian""]"
ba9393f0-0c2a-4294-b05d-31bdb93f90a2,Chocolate Sauce,,Crepes,False,"[""Dairy"", ""Soy"", ""Vegetarian""]"
32fc5f9a-2c69-4f81-a377-29ff19ada1f5,Lemon Pepper Sole with Shrimp Sauce,,Flexitarian,False,"[""Dairy"", ""Fish"", ""Halal Ingredient"", ""Shellfish""]"
8c207b7f-d286-459e-bf19-942c09ad1605,Village Char Siu Pork Loin,,Flexitarian,False,"[""Pork"", ""Soy""]"
b6799c43-6147-4ba1-962c-140840550114,Steamed Scandinavian Blend Veggies with Green Peas,,Flexitarian,False,"[""Halal Ingredient"", ""Vegan""]"
01a9a3fe-86a0-4cf0-a9eb-207e3e91acb6,Roasted Butternut Squash,,Flexitarian,False,"[""Halal Ingredient"", ""Vegan""]"
27fa8af1-b769-4fa4-8be2-7ada29e53346,Rice Pilaf,,Flexitarian,False,"[""Halal Ingredient"", ""Vegan""]"
68ec07f5-c5ee-43a6-a4c4-93b36816a91d,Braised Black Eyed Peas,,Flexitarian,False,"[""Halal Ingredient"", ""Vegan""]"
18598f1d-0fd1-4427-9aab-72cc7100c1b7,Bulgur and Herb Salad,,Plant Based - Mezze Bar,False,"[""Halal Ingredient"", ""Vegan"", ""Gluten""]"
75bcb6ef-7605-45cd-bbb8-9e2290a07400,Quinoa Black Bean Mango Salad,,Plant Based - Mezze Bar,False,"[""Halal Ingredient"", ""Vegan""]"
c42f766b-3a4c-4de4-9925-2065b6f9e75b,"Chickpea, Arugula, Carrot, and Kalamata Olive Salad",,Plant Based - Mezze Bar,False,"[""Vegan""]"
f7153464-6063-4fc9-ac57-eafcdcd5db5b,Pepitas,,Plant Based - Mezze Bar,False,"[""Halal Ingredient"", ""Vegan""]"
ae3f51ae-5319-464b-8cf4-d5a203f4a76b,Lime Pickled Red Onions,,Plant Based - Mezze Bar,False,"[""Halal Ingredient"", ""Vegan""]"
b8099de1-030a-498d-a3aa-1f29c5910e81,Roasted Sunflower Seeds,,Plant Based - Mezze Bar,False,"[""Halal Ingredient"", ""Soy"", ""Vegan""]"
484ac532-e529-48cf-8bab-71e0486c9022,Fire Roasted Red Peppers,,Plant Based - Mezze Bar,False,"[""Halal Ingredient"", ""Vegan""]"
ecbcc233-eeff-4ce5-bd51-101783a1027a,Tri Color Corn Tortilla Chip Strips,,Plant Based - Mezze Bar,False,"[""Halal Ingredient"", ""Vegan""]"
f9ab43a9-5664-47e1-9e0f-07fc861f9330,Coconut Avocado Lime Dressing,,Plant Based - Mezze Bar,False,"[""Halal Ingredient"", ""Vegan""]"
ad15a8ec-7897-4707-8f4b-d1d42d258a20,Red Wine Vinaigrette,,Plant Based - Mezze Bar,False,"[""Soy"", ""Vegan""]"
e58abf11-2236-41a1-9f25-64a2e001259d,Citrus and Whole Grain Mustard Vinaigrette,,Plant Based - Mezze Bar,False,"[""Halal Ingredient"", ""Vegan""]"
b7142b8b-918f-4a59-a397-4df577d78c59,"Spinach, Sweet Potato and Farro Soup",,Salad Bar,False,"[""Halal Ingredient"", ""Vegan"", ""Gluten""]"
8bbcc58b-fadf-47c2-a09b-62a8f82a39e7,Homemade Boston Clam Chowder,,Salad Bar,False,"[""Dairy"", ""Halal Ingredient"", ""Shellfish"", ""Gluten""]"
7ff4a57e-c2a2-4902-b779-f071fab2b9d9,Olive/Canola Oil Blend,,Salad Bar,False,"[""Halal Ingredient"", ""Vegan""]"
0484c128-6114-4ae1-b9e3-be18a6086e90,Balsamic Vinegar,,Salad Bar,False,"[""Vegan""]"
fc551120-7850-40c8-9a97-f11b6e0d0699,Blue Cheese Dressing,,Salad Bar,False,"[""Dairy"", ""Eggs"", ""Soy"", ""Vegetarian""]"
ef4e9c73-bea9-4c83-adaf-049b79057884,Ranch Dressing,,Salad Bar,False,"[""Dairy"", ""Eggs"", ""Soy"", ""Vegetarian""]"
93c6d0ca-f069-4866-afb5-d4dd5042c935,Creamy Caesar Dressing,,Salad Bar,False,"[""Dairy"", ""Eggs"", ""Fish"", ""Soy"", ""Gluten""]"
a36deae9-7c33-4c9c-99be-8ce7d2a43d85,Balsamic Vinaigrette,,Salad Bar,False,"[""Soy"", ""Vegetarian""]"
ff37b525-8886-423d-9761-ad6d2af06eb9,Beef Ribeye Bulgogi,,Expo,False,"[""Sesame"", ""Soy"", ""Gluten""]"
83fa74fb-e14e-4927-9ac6-c50be67de88a,Meatless Veggie Chik'n Bulgogi,,Expo,False,"[""Sesame"", ""Soy"", ""Vegan"", ""Gluten""]"
bdf55c8b-9297-48de-bdfc-1adba5cf3254,Steamed Jasmine Rice,,Expo,False,"[""Halal Ingredient"", ""Vegan""]"
500a2150-ad4c-4126-84e7-970caec7afa9,Shredded Carrots,,Expo,False,"[""Halal Ingredient"", ""Vegan""]"
7fc8d3ee-b91a-4617-9ad5-2a3df2f0a3ab,Sliced Red Onion,,Expo,False,"[""Halal Ingredient"", ""Vegan""]"
9c68450c-3ecb-477f-97e9-5b614219a323,Sliced Green Onions,,Expo,False,"[""Halal Ingredient"", ""Vegan""]"
06c5541e-7dd3-4325-9100-14ced8eb888f,Kimchi,,Expo,False,"[""Fish"", ""Sesame"", ""Shellfish"", ""Soy"", ""Gluten""]"
7568e665-6a16-4408-a225-434acf56e9f6,Chopped Cilantro,,Expo,False,"[""Halal Ingredient"", ""Vegan""]"
19c3f408-638f-4793-9bb2-8758b06e75e8,Bean Sprouts,,Expo,False,"[""Halal Ingredient"", ""Vegan""]"
0add0b61-04c4-41a6-be75-2285dec615ec,Sesame Seeds,,Expo,False,"[""Halal Ingredient"", ""Sesame"", ""Vegan""]"
27fb771e-9d43-4f57-ad2a-898116fc058b,Nori,,Expo,False,"[""Halal Ingredient"", ""Vegan""]"
1b9bf0b8-7245-4a17-b5f7-ba6793d3890d,Roasted Beef Tri Tip with Gremolata,,Flexitarian,False,"[""Halal Ingredient""]"
0d8c8e3a-bae2-49fc-87b8-4c107ccb9c3e,Roasted Tilapia with Mango Salsa,,Flexitarian,False,"[""Fish"", ""Halal Ingredient""]"
3a355af3-7cf5-4190-9c5d-fbb1c63d9b12,Cajun Spiced House Fried Potato Chips,,Flexitarian,False,"[""Soy"", ""Vegan""]"
f61e2880-9184-4a10-b4e4-b05e64c70ffd,Garlic Herb Quinoa,,Flexitarian,False,"[""Halal Ingredient"", ""Vegan""]"
1d1e89e3-4ad4-42fc-b7cb-3722005478bd,Steamed Broccoli,,Flexitarian,False,"[""Halal Ingredient"", ""Vegan""]"
c907d381-7b7e-41db-8482-b1ab0f77c37a,Sauteed Citrus Herb Corn,,Flexitarian,False,"[""Dairy"", ""Halal Ingredient"", ""Vegetarian""]"
25e958a7-12ab-4b34-81c3-f64c4b103bcb,Cucumber Lemon Agave Chia Water,,Deli Bar,False,"[""Halal Ingredient"", ""Vegan""]"
b7d90814-8a2e-4cb4-8ba1-8ed70a10b706,Cut Assorted Melon,,Deli Bar,False,"[""Halal Ingredient"", ""Vegan""]"
30b7edb5-752b-42f2-a714-bd851f0e9f30,Tuna Salad,,Deli Bar,False,"[""Eggs"", ""Fish"", ""Soy""]"
4b365dcb-2bbe-43df-8d0c-cd62c51ef9c6,Sliced Ham,,Deli Bar,False,"[""Pork""]"
7ef63216-b566-4184-90bb-90502e01090c,Sliced Turkey,,Deli Bar,False,[]
3a5cae5c-95a7-45f0-886b-7064f78d188a,Assorted Sliced Cheese,,Deli Bar,False,"[""Dairy"", ""Halal Ingredient"", ""Vegetarian""]"
ae11a4df-8f09-4214-9b11-4d1096bbfb2f,Dijon Mustard,,Deli Bar,False,"[""Vegetarian""]"
b8f9e75f-9522-4bed-9b57-cdd85929ef45,Mayonnaise,,Deli Bar,False,"[""Eggs"", ""Halal Ingredient"", ""Soy"", ""Vegetarian""]"
e314ffb8-25eb-4033-a535-01abfa89bb3e,Lettuce,,Deli Bar,False,"[""Halal Ingredient"", ""Vegan""]"
df398ab0-377d-4b2c-a788-5fbcd8a75fbb,Sliced Tomatoes,,Deli Bar,False,"[""Halal Ingredient"", ""Vegan""]"
ca5643db-3d9d-4711-ac2f-0a051a19a9c1,Sliced Onions,,Deli Bar,False,"[""Halal Ingredient"", ""Vegan""]"
afd1dd69-a274-4726-b6af-9dd6fa32a4a3,Dill Pickles,,Deli Bar,False,"[""Halal Ingredient"", ""Vegan""]"
f8e0ae1e-db15-4b11-a763-e3c2d0f21201,Sliced Honey Wheat Bread,,Deli Bar,False,"[""Dairy"", ""Halal Ingredient"", ""Vegetarian"", ""Gluten""]"
9ffdbfe3-84d7-42c4-b33e-27c90ea91f66,Sliced Multi Grain Bread,,Deli Bar,False,"[""Halal Ingredient"", ""Vegetarian"", ""Gluten""]"
b60c18aa-5771-4540-a15a-0374991b3f12,Sliced French Bread,,Deli Bar,False,"[""Halal Ingredient"", ""Vegan"", ""Gluten""]"
89ceab2b-bd04-421f-857d-fa86098073bc,Little Northern Bakehouse Allergen Free Bread Available Upon Request,,Deli Bar,False,"[""Halal Ingredient"", ""Vegan""]"
a416352e-586b-46e5-aeab-b92f7b9100af,Assorted Pastries/Desserts (may contain nuts/peanuts),,Breakfast/Dessert/Fruit,False,"[""Food Not Analyzed For Allergens""]"
6b9417e4-cdb0-4b40-b17b-ab7ba2c8806e,Assorted Fruits,,Breakfast/Dessert/Fruit,False,"[""Halal Ingredient"", ""Vegan""]"
4069d42d-72b5-4246-854b-81295bc9a5d7,Peach Shortcake,,Breakfast/Dessert/Fruit,False,"[""Dairy"", ""Vegetarian"", ""Gluten""]"
8114fc7b-b06e-4d18-91ba-ec4effc8c347,Veggie Burrito Bowl,,Plant Based,False,"[""Halal Ingredient"", ""Vegan""]"
3631ab7a-7eb3-4ac1-96c6-8cd4bf79affa,Coconut Cilantro Marinated Tofu,,Plant Based,False,"[""Halal Ingredient"", ""Soy"", ""Vegan""]"
03f9dd12-fb67-4725-8b20-6bb1faef4512,Vegetable Tamari Sweet Potato Noodles,,Plant Based,False,"[""Halal Ingredient"", ""Soy"", ""Vegan""]"
aaf3eb51-f18a-43e5-9098-404ef0194935,*NUTS AND PEANUTS ARE USED HERE*,,Crepes,False,[]
7df21ca9-af78-4962-807b-cf1080747b5e,FUNNEL FRIES BAR,,Crepes,False,[]
8b2b5dd3-e809-40e1-8451-005d9f2553dd,Funnel Fries,,Crepes,False,"[""Dairy"", ""Eggs"", ""Soy"", ""Vegetarian"", ""Gluten""]"
3d55d108-a8f2-4812-b2b5-78e29659cac6,Whipped Cream,,Crepes,False,"[""Dairy"", ""Halal Ingredient"", ""Vegetarian""]"
fbdf817b-fea9-4331-bb95-2c6c9ec2d178,Assorted Fruits,,Crepes,False,"[""Halal Ingredient"", ""Vegan""]"
7d86c1da-53f7-49b0-8568-298272d1f6c1,Assorted Nuts,,Crepes,False,"[""Halal Ingredient"", ""Tree Nuts"", ""Vegan""]"
fec1743e-1241-474d-bb9a-b360b4cc011e,Chopped Peanuts,,Crepes,False,"[""Halal Ingredient"", ""Peanuts"", ""Vegan""]"
3fb04934-f183-45c6-85d1-156a0dab3c82,Unsweetened Shredded Coconut,,Crepes,False,"[""Halal Ingredient"", ""Vegan""]"
6d3360fb-ebb8-4677-83a1-3c8ff2a73184,Powdered Sugar,,Crepes,False,"[""Halal Ingredient"", ""Vegetarian""]"
759b25f5-ca96-4ae5-9705-96eb74868d7d,Brown Sugar,,Crepes,False,"[""Halal Ingredient"", ""Vegetarian""]"
e66daf91-ba2f-4942-86a2-7d06a4a70d21,Chocolate Chips,,Crepes,False,"[""Dairy"", ""Soy"", ""Vegetarian""]"
8502632d-ace1-4254-b7cc-c811ecc74f7b,Oat n' Honey Granola,,Crepes,False,"[""Soy"", ""Vegetarian"", ""Gluten""]"
50cbddcd-037c-444a-bc78-98f9159a9ec6,Vanilla Wafers,,Crepes,False,"[""Dairy"", ""Eggs"", ""Soy"", ""Vegetarian"", ""Gluten""]"
75cedae3-ae1d-455f-a2f2-15762a928a99,Crumbled Oreo Cookies,,Crepes,False,"[""Soy"", ""Vegetarian"", ""Gluten""]"
8686e13c-03f6-480d-8a68-acb8b0813f64,Raspberry Sauce,,Crepes,False,"[""Vegetarian""]"
0539033e-b419-4d8c-a325-193a52389ce9,Chocolate Sauce,,Crepes,False,"[""Dairy"", ""Soy"", ""Vegetarian""]"
758cd26b-49bf-4cc5-9faa-bceabe8b2d56,Bulgur and Herb Salad,,Plant Based - Mezze Bar,False,"[""Halal Ingredient"", ""Vegan"", ""Gluten""]"
3dc3ec01-6db6-462e-b8a6-d6b15a1c2829,Quinoa Black Bean Mango Salad,,Plant Based - Mezze Bar,False,"[""Halal Ingredient"", ""Vegan""]"
28f99aa6-c162-4f09-929f-b92c5858fd9a,"Chickpea, Arugula, Carrot, and Kalamata Olive Salad",,Plant Based - Mezze Bar,False,"[""Vegan""]"
86d4fc91-6d82-4f15-836a-db795298d3c0,Pepitas,,Plant Based - Mezze Bar,False,"[""Halal Ingredient"", ""Vegan""]"
2e2a9024-7f80-4ac4-a738-eafae9b4c791,Lime Pickled Red Onions,,Plant Based - Mezze Bar,False,"[""Halal Ingredient"", ""Vegan""]"
1d60bebe-8beb-4af8-bafd-39a13d0cdbcf,Roasted Sunflower Seeds,,Plant Based - Mezze Bar,False,"[""Halal Ingredient"", ""Soy"", ""Vegan""]"
d8d113e6-af51-4f42-9f23-08170638f87c,Fire Roasted Red Peppers,,Plant Based - Mezze Bar,False,"[""Halal Ingredient"", ""Vegan""]"
b95e8907-10ff-4bfe-9edb-8fd4d8f86d12,Tri Color Corn Tortilla Chip Strips,,Plant Based - Mezze Bar,False,"[""Halal Ingredient"", ""Vegan""]"
c4c58dca-07ea-4881-a7ca-5d555ec2afdf,Coconut Avocado Lime Dressing,,Plant Based - Mezze Bar,False,"[""Halal Ingredient"", ""Vegan""]"
f2808a41-9d4c-41bb-bc4b-e8c6f45bf246,Red Wine Vinaigrette,,Plant Based - Mezze Bar,False,"[""Soy"", ""Vegan""]"
6b981a2a-3492-41a7-b375-bef31904887b,Citrus and Whole Grain Mustard Vinaigrette,,Plant Based - Mezze Bar,False,"[""Halal Ingredient"", ""Vegan""]"
04323a93-443f-4b07-8401-e0a69a3f50d4,"Spinach, Sweet Potato and Farro Soup",,Salad Bar,False,"[""Halal Ingredient"", ""Vegan"", ""Gluten""]"
bdf52343-126f-4123-b4d8-83e4875e572c,Homemade Boston Clam Chowder,,Salad Bar,False,"[""Dairy"", ""Halal Ingredient"", ""Shellfish"", ""Gluten""]"
d20f5531-36fe-4dab-a94a-7906f90bf02d,Olive/Canola Oil Blend,,Salad Bar,False,"[""Halal Ingredient"", ""Vegan""]"
7521ae33-49e2-4d11-9a8e-ee50ab29bd1d,Balsamic Vinegar,,Salad Bar,False,"[""Vegan""]"
5041c32e-5368-4cd9-a6fc-934820201f3f,Blue Cheese Dressing,,Salad Bar,False,"[""Dairy"", ""Eggs"", ""Soy"", ""Vegetarian""]"
97de6d54-d952-4bf5-9738-fbc36ca618a5,Ranch Dressing,,Salad Bar,False,"[""Dairy"", ""Eggs"", ""Soy"", ""Vegetarian""]"
d61aaf57-63c4-484d-abe7-15019a4f16fd,Creamy Caesar Dressing,,Salad Bar,False,"[""Dairy"", ""Eggs"", ""Fish"", ""Soy"", ""Gluten""]"
c5a9e8e4-039b-466b-b13b-058db7362994,Balsamic Vinaigrette,,Salad Bar,False,"[""Soy"", ""Vegetarian""]"
a17c68d8-3edd-42e3-81e2-1d938a3eaa08,MADE TO ORDER OMELETES,,Hot Line,False,[]
2ddb0f2a-d97e-4b20-96aa-73caff55de90,Matcha Pancakes,,Hot Line,False,"[""Dairy"", ""Eggs"", ""Soy"", ""Vegetarian"", ""Gluten""]"
a88eae07-9344-4802-9c3e-4ab1310a868f,Scrambled Eggs,,Hot Line,False,"[""Eggs"", ""Halal Ingredient"", ""Vegetarian""]"
488e89bd-6039-474b-b3f0-9e5a88f765ca,Bacon,,Hot Line,False,"[""Pork""]"
bc913d0d-2a1e-4503-9336-9882fc3ba3d8,Boiled Eggs,,Hot Line,False,"[""Eggs"", ""Halal Ingredient"", ""Vegetarian""]"
6701cece-2bd4-4614-af60-bc590aa2176e,Vegan Breakfast Sausage Patty,,Hot Line,False,"[""Halal Ingredient"", ""Soy"", ""Vegan"", ""Gluten""]"
103a5f72-6da1-4e47-bb3d-f05f5a370568,Chicken Andouille Sausage,,Hot Line,False,[]
216491f7-f685-40ca-b3f4-d06795e8bc3f,Tater Tots,,Hot Line,False,"[""Soy"", ""Vegan""]"
423f63d6-a7f7-4475-9a0c-a0615ba0b49e,Plain Greek Yogurt,,Fresh from the Farm,False,"[""Dairy"", ""Halal Ingredient"", ""Vegetarian""]"
0468390a-0323-414e-bec4-420df0e0daae,Strawberry Yogurt,,Fresh from the Farm,False,"[""Dairy""]"
293caf0e-9cf5-4a01-96fb-da7821733ef0,Dairy Free Vegan Coconut Yogurt Available Upon Request,,Fresh from the Farm,False,"[""Halal Ingredient"", ""Vegan""]"
cf0c8e58-fae0-438e-98a3-359f9d236217,Oat n' Honey Granola,,Fresh from the Farm,False,"[""Soy"", ""Vegetarian"", ""Gluten""]"
b405dea2-180f-4b1f-8df6-d00d740e180d,Make Your Own Waffle Bar,,Fresh from the Farm,False,"[""Dairy"", ""Eggs"", ""Halal Ingredient"", ""Soy"", ""Vegetarian"", ""Gluten""]"
1f3b0bf5-6d51-4bd4-b73d-be62bea25ac5,Assorted Fruits,,Fresh from the Farm,False,"[""Halal Ingredient"", ""Vegan""]"
4e474446-2533-44d6-bd67-68a0ac7b0088,Oatmeal,,Fresh from the Farm,False,"[""Halal Ingredient"", ""Vegan"", ""Gluten""]"
74579917-34d6-45ee-b1f7-9610082674f4,Assorted Bagels,,Fresh from the Farm,False,"[""Halal Ingredient"", ""Sesame"", ""Soy"", ""Vegetarian"", ""Gluten""]"
eece2b2e-0e1f-4722-af31-1900c267579a,Sunflower Seed Butter,,Fresh from the Farm,False,"[""Halal Ingredient"", ""Vegan""]"
6aee0074-2466-4d14-9d84-f4569ac217fd,Cream Cheese,,Fresh from the Farm,False,"[""Dairy"", ""Halal Ingredient"", ""Vegetarian""]"
573ebbbf-688c-420a-ae18-b60d7a212f7f,Butter Balls,,Fresh from the Farm,False,"[""Dairy"", ""Halal Ingredient"", ""Vegetarian""]"
10426cfe-998e-4f18-b940-dc583e8af344,Strawberry Banana Smoothie,,Fresh from the Farm,False,"[""Halal Ingredient"", ""Vegan""]"
04c30af7-00bf-461a-8a57-29d059af8669,SALAD AND DELI BAR,,Fresh from the Farm,False,[]
d6cd4260-04b4-434e-8f85-eb427a9db3fa,Assorted Fruits,,Fresh from the Farm,False,"[""Halal Ingredient"", ""Vegan""]"
8fba873c-4d66-432e-9cd9-92b94c4789fb,Chicken and Mandarin Salad with Sesame Vinaigrette,,Fresh from the Farm,False,"[""Sesame"", ""Soy""]"
80653cd6-0e6f-4dd9-9428-3ad0c99599fc,Lemon Dijon Kale Salad with Garlic and Parmesan,,Fresh from the Farm,False,"[""Dairy"", ""Vegetarian""]"
707afba8-d5af-4b02-8715-88462df8c595,Tomato Florentine Soup,,Fresh from the Farm,False,"[""Dairy"", ""Halal Ingredient"", ""Vegetarian"", ""Gluten""]"
a40735f3-cb8e-42e3-bd96-6b02fbca32fc,French Onion Soup with Sherry,,Fresh from the Farm,False,"[""Dairy"", ""Vegetarian""]"
d4f35afb-d33a-4331-a13a-ebee748b2c51,Roasted Cod with Yogurt Sauce and Cilantro Oil,,Hot Line,False,"[""Dairy"", ""Fish"", ""Halal Ingredient""]"
a09a19b7-f704-4008-921f-1b8494b68fe1,Roasted Beef Tri Tip with Sweet Chili Glaze,,Hot Line,False,"[""Halal Ingredient"", ""Soy""]"
218191e7-393d-42bb-bfe6-5f240df658c3,Bulgogi Style Mushrooms,,Hot Line,False,"[""Soy"", ""Vegan"", ""Gluten""]"
b331483a-70f4-4272-954e-c359cc5c94fa,Yakisoba Noodles with House Sauce,,Hot Line,False,"[""Sesame"", ""Soy"", ""Vegan"", ""Gluten""]"
c668af13-0792-4532-a613-8837337156c6,Steamed Jasmine Rice,,Hot Line,False,"[""Halal Ingredient"", ""Vegan""]"
99e794af-b6d3-42a3-914c-536ea5fa7e05,Steamed Bok Choy,,Hot Line,False,"[""Halal Ingredient"", ""Vegan""]"
337de9fb-c340-4e71-b1a8-c08fa41c4409,Sauteed Cabbage and Bell Peppers,,Hot Line,False,"[""Halal Ingredient"", ""Vegan""]"
920db5e9-e79a-4250-b286-ad247c0ee79b,Cheese Pizza,,Hot Line,False,"[""Dairy"", ""Halal Ingredient"", ""Soy"", ""Vegetarian"", ""Gluten""]"
561e7b8f-4d02-4b27-be0b-64a1b31eb83d,Chicken Andouille Sausage and Peppers Pizza,,Hot Line,False,"[""Dairy"", ""Soy"", ""Gluten""]"
6455d289-1148-4c9c-977d-203209e3d21b,Daily Grill Specials (including halal beef burger patties),,Hot Line,False,"[""Food Not Analyzed For Allergens""]"
b185ce15-f881-4d9e-b022-f0ba5a79016f,FAJITA BAR,,Hot Line,False,[]
ec9a93a9-347a-4abf-942c-ab509b167e74,Chicken Asada,,Hot Line,False,"[""Halal Ingredient""]"
fb1d89b5-601b-48d8-83e6-69aa1ae5886a,Beef Carne Asada,,Hot Line,False,"[""Halal Ingredient""]"
9a0b0cbf-91f2-4db0-a194-17303f58d34c,Tofu Fajitas,,Hot Line,False,"[""Halal Ingredient"", ""Soy"", ""Vegan""]"
5fda762f-d3d8-4f54-bdf4-04d63cb05b65,Black Beans,,Hot Line,False,"[""Halal Ingredient"", ""Vegan""]"
7983069d-10b1-4cd3-8497-1eefd4660e88,Shredded Monterey Jack and Cheddar Cheese Blend,,Hot Line,False,"[""Dairy"", ""Halal Ingredient"", ""Vegetarian""]"
b489333c-cf6c-43e7-a6f3-5f4c0f834e5d,Spanish Rice,,Hot Line,False,"[""Halal Ingredient"", ""Vegan""]"
a79d6046-3dca-45c4-9bda-f294a1ed3bed,Spicy Salsa Verde,,Hot Line,False,"[""Halal Ingredient"", ""Vegan""]"
c9bf8d13-8bd8-4e38-b496-93d38cd322a0,Spicy Salsa Molcajete,,Hot Line,False,"[""Halal Ingredient"", ""Vegan""]"
99e9f19d-47ac-4da2-8038-faba3d160c33,Pickled Jalapenos,,Hot Line,False,"[""Halal Ingredient"", ""Vegan""]"
f72bb448-3d8c-44d8-8f97-fce5cc9d3202,Sour Cream,,Hot Line,False,"[""Dairy"", ""Halal Ingredient"", ""Vegetarian""]"
b0140dc1-84ef-46de-a859-4bead9178b71,Avocado Crema,,Hot Line,False,"[""Dairy"", ""Halal Ingredient"", ""Vegetarian""]"
e0c817b8-69fb-475a-9e31-908b09ae0fca,Mongolian Style Glazed Pork Ribs,,Hot Line,False,"[""Pork"", ""Sesame"", ""Soy"", ""Gluten""]"
51351276-ea36-40cd-b95d-fe8412b40e31,Honey Sriracha Roasted Chicken,,Hot Line,False,"[""Soy"", ""Gluten""]"
a111ea00-8277-4610-bde0-c1e7a65b58e0,General Tso's Tofu Stir Fry,,Hot Line,False,"[""Soy"", ""Vegan"", ""Gluten""]"
c18a0a88-416f-4530-964a-4aefad58a558,Steamed Brown Rice,,Hot Line,False,"[""Halal Ingredient"", ""Vegan""]"
5d4e7468-aff7-45a0-98d7-132590cb21f5,Thai Curry Coconut Noodles with Herbs,,Hot Line,False,"[""Halal Ingredient"", ""Vegan"", ""Gluten""]"
4f18bf39-ed56-4eb6-ad20-6deaafa2f3b2,Spicy Edamame with Sweet Chile Sauce,,Hot Line,False,"[""Halal Ingredient"", ""Soy"", ""Vegetarian""]"
8896dcc9-1862-468a-81c5-a8ba9a073407,Steamed Rainbow Chard,,Hot Line,False,"[""Halal Ingredient"", ""Vegan""]"
56231e69-cbd6-46ae-af69-86e70f97e194,Cheese Pizza,,Hot Line,False,"[""Dairy"", ""Halal Ingredient"", ""Soy"", ""Vegetarian"", ""Gluten""]"
34ba8fda-d02f-4d40-becc-719acc8e4d30,Chicken Andouille Sausage and Peppers Pizza,,Hot Line,False,"[""Dairy"", ""Soy"", ""Gluten""]"
283128b7-2753-4e37-a2b3-09164d42c20b,Daily Grill Specials (including halal beef burger patties),,Hot Line,False,"[""Food Not Analyzed For Allergens""]"
c07b39f5-4982-45e3-b718-a69ca4e28d89,FAJITA BAR,,Hot Line,False,[]
ae13bcb4-533a-434d-8f50-bcd75938ff2e,Chicken Asada,,Hot Line,False,"[""Halal Ingredient""]"
b50b1b78-def1-45ca-a899-f5277dad425f,Beef Carne Asada,,Hot Line,False,"[""Halal Ingredient""]"
01b719da-f912-4c7d-883a-c4a98a8b921d,Tofu Fajitas,,Hot Line,False,"[""Halal Ingredient"", ""Soy"", ""Vegan""]"
a39dceac-f94e-4955-97c4-e6882be7805a,Black Beans,,Hot Line,False,"[""Halal Ingredient"", ""Vegan""]"
ce60542e-05df-40e2-9fff-c4ee280078e8,Spanish Rice,,Hot Line,False,"[""Halal Ingredient"", ""Vegan""]"
84d909d9-8298-4dd0-a4eb-073c79f9ffcd,Shredded Monterey Jack and Cheddar Cheese Blend,,Hot Line,False,"[""Dairy"", ""Halal Ingredient"", ""Vegetarian""]"
3c28e3df-5759-4577-bd98-ee8948a5df99,Spicy Salsa Verde,,Hot Line,False,"[""Halal Ingredient"", ""Vegan""]"
6892778c-2270-4be2-87e0-a9c268635445,Spicy Salsa Molcajete,,Hot Line,False,"[""Halal Ingredient"", ""Vegan""]"
e3017b09-27e2-4932-836c-d865040c1a9b,Pico de Gallo,,Hot Line,False,"[""Halal Ingredient"", ""Vegan""]"
b90cca10-0724-4a71-97fe-4a38db7ba47a,Pickled Jalapenos,,Hot Line,False,"[""Halal Ingredient"", ""Vegan""]"
1ca1e3dd-38ae-4065-93bc-05380467be60,Sour Cream,,Hot Line,False,"[""Dairy"", ""Halal Ingredient"", ""Vegetarian""]"
07b15ce4-6cc1-40cc-8e8c-5175226f6487,Avocado Crema,,Hot Line,False,"[""Dairy"", ""Halal Ingredient"", ""Vegetarian""]"
30ff5511-73b7-4f18-b01e-0ec66fbe5a50,SALAD AND DELI BAR,,Fresh from the Farm,False,[]
80cfc339-9d1a-4725-a839-9448d34fbdb0,Assorted Fruits,,Fresh from the Farm,False,"[""Halal Ingredient"", ""Vegan""]"
ee1684e8-4a97-4719-bebd-4d1890959f67,Chicken and Mandarin Salad with Sesame Vinaigrette,,Fresh from the Farm,False,"[""Sesame"", ""Soy""]"
75598323-10e9-415c-b735-474a6d668a49,Lemon Dijon Kale Salad with Garlic and Parmesan,,Fresh from the Farm,False,"[""Dairy"", ""Vegetarian""]"
b8caad8b-3311-4fdb-ad01-12f6f6b4000d,Tomato Florentine Soup,,Fresh from the Farm,False,"[""Dairy"", ""Halal Ingredient"", ""Vegetarian"", ""Gluten""]"
ac721b79-53fb-4ee8-8546-4aad03f80def,French Onion Soup with Sherry,,Fresh from the Farm,False,"[""Dairy"", ""Vegetarian""]"
d96badaf-4af1-4027-b4d5-14d4d08f46b0,Oatmeal,,Eurasia,False,"[""Halal Ingredient"", ""Vegan"", ""Gluten""]"
c02b454a-7491-4256-8ae5-23f009174f5f,EURASIA STATION LUNCH STYLE OPTIONS SERVED AT 10AM,,Eurasia,False,[]
592f4ed6-d89c-4bb7-905f-7814f59cfead,BBQ Beef Brisket,,Eurasia,False,"[""Halal Ingredient""]"
f5215970-e140-4619-b923-6547c7b4e82b,Dijon Mustard Molasses Chicken,,Eurasia,False,"[""Dairy""]"
6020be2c-dc30-45b8-82d2-5dd0d56ee6b3,Roasted Tofu with Black Pepper Country Gravy,,Eurasia,False,"[""Dairy"", ""Soy"", ""Vegetarian"", ""Gluten""]"
3ec4747b-7d65-46c1-a608-1e4c451012fd,Cheesy Loaded Mashed Potatoes,,Eurasia,False,"[""Dairy"", ""Halal Ingredient"", ""Vegetarian""]"
a68c354a-372b-4eb8-8cdc-f4e5637e9974,Sauteed Kale,,Eurasia,False,"[""Halal Ingredient"", ""Vegan""]"
1fba878f-2019-4d66-aef7-62ebf722aabd,Sauteed Okra,,Eurasia,False,"[""Halal Ingredient"", ""Vegan""]"
ddb61400-775c-41a9-95c8-129a14d98cb6,Buttery BBQ Baked Beans,,Eurasia,False,"[""Dairy"", ""Soy"", ""Vegetarian""]"
c58bde74-e0e1-48fd-abe5-511e5b5ea2a9,Herb Orzo,,Eurasia,False,"[""Halal Ingredient"", ""Vegan"", ""Gluten""]"
076e062f-6e46-4a03-9492-e9945253b96c,Plain Pasta,,Eurasia,False,"[""Halal Ingredient"", ""Vegan"", ""Gluten""]"
dc97d291-590a-4cfd-b952-3296a1b0598a,Marinara Sauce,,Eurasia,False,"[""Halal Ingredient"", ""Vegan""]"
d1b50f98-0dd0-48d1-bd31-d5134d2a403f,Made to Order Omelettes Available Until 2pm,,Bistro,False,[]
a51d2ca2-ecf0-4481-8b30-aa126ff64a31,Eggs,,Bistro,False,"[""Eggs"", ""Halal Ingredient"", ""Vegetarian""]"
6f3a7b90-8f82-4cfc-98f9-3090e3d1b7a1,Egg Whites,,Bistro,False,"[""Eggs"", ""Halal Ingredient"", ""Vegetarian""]"
7c8c601a-ffc0-4767-98ec-890c6fd21d31,Tofu,,Bistro,False,"[""Halal Ingredient"", ""Soy"", ""Vegan""]"
ab0d5897-0fca-47ca-aa7d-cd2a31a9c136,Chopped Turkey,,Bistro,False,[]
a1f9d9b5-ae13-4178-be0e-d17988b6feaf,Chopped Ham,,Bistro,False,"[""Pork""]"
5e2ff438-60c4-4c7b-81bb-84ec8c594fd8,Chopped Bacon,,Bistro,False,"[""Pork""]"
477d2701-c4ac-4ab1-913a-9a8eb4b50777,Pork Chorizo,,Bistro,False,"[""Pork"", ""Soy""]"
b6068228-af4e-42c4-8179-50102b2284a8,Chopped Onion,,Bistro,False,"[""Halal Ingredient"", ""Vegan""]"
c84e8f9c-53cf-40ad-8e18-4ba1c4b0bd92,Chopped Bell Peppers,,Bistro,False,"[""Halal Ingredient"", ""Vegan""]"
7aa76b9a-942f-4906-8977-2f202d45053e,Baby Spinach,,Bistro,False,"[""Halal Ingredient"", ""Vegan""]"
d8361e81-aabd-4f07-b1c7-56916cd51751,Sliced Mushrooms,,Bistro,False,"[""Halal Ingredient"", ""Vegan""]"
6fa98881-0943-4d51-8899-cc2e78e35015,Pickled Jalapenos,,Bistro,False,"[""Halal Ingredient"", ""Vegan""]"
12c40065-0714-425f-94e1-e4ec3222424d,Black Olives,,Bistro,False,"[""Halal Ingredient"", ""Vegan""]"
c3959d00-bcff-47f1-9a6b-6cd27c9732f3,Shredded Monterey Jack and Cheddar Cheese Blend,,Bistro,False,"[""Dairy"", ""Halal Ingredient"", ""Vegetarian""]"
9e476b82-fdb7-410f-858e-28ed512a2cc4,Spicy Salsa Verde,,Bistro,False,"[""Halal Ingredient"", ""Vegan""]"
a85ebdd8-ac78-4812-a8bd-d8d3956c630a,Spicy Salsa Molcajete,,Bistro,False,"[""Halal Ingredient"", ""Vegan""]"
883303f5-1de9-4460-b507-eb84cd24d825,AAZ Chicken Cacciatore,,Allergen Awareness Zone (must register for access),False,"[""Halal Ingredient""]"
38a5be42-995d-4e20-9165-18d24b03aabe,AAZ Baked Potato,,Allergen Awareness Zone (must register for access),False,"[""Halal Ingredient"", ""Vegan""]"
a0070794-3218-42a8-a892-6239472c2c43,AAZ Sauteed Spinach,,Allergen Awareness Zone (must register for access),False,"[""Halal Ingredient"", ""Vegan""]"
7524f5ed-1d43-4300-a12e-ed5c48252a4c,Biscuits and Veggie Country Gravy,,Americana,False,"[""Dairy"", ""Eggs"", ""Halal Ingredient"", ""Soy"", ""Vegetarian"", ""Gluten""]"
e5032a30-0cb1-4591-9d77-2a156b41dbde,Boiled Eggs,,Americana,False,"[""Eggs"", ""Halal Ingredient"", ""Vegetarian""]"
111747fc-36f7-486a-99d8-72321f3ff854,Scrambled Eggs,,Americana,False,"[""Eggs"", ""Halal Ingredient"", ""Vegetarian""]"
daaadec7-b033-4906-a231-81dabe269385,Bacon,,Americana,False,"[""Pork""]"
087a777c-ba0b-43a1-9ef3-bb9f3ab12e3b,Pork Sausage Patty,,Americana,False,"[""Pork""]"
472be1bb-6441-4004-ac54-665e512cf6bb,Vegan Breakfast Sausage Patty,,Americana,False,"[""Halal Ingredient"", ""Soy"", ""Vegan"", ""Gluten""]"
c68c5aaf-894a-4266-a89a-5187af7e4bff,Triangle Hash Browns,,Americana,False,"[""Soy"", ""Vegan""]"
e8cab063-a236-410d-bad6-50e291678f0b,Make Your Own Waffle Bar,,Pizza/Salad Bar,False,"[""Dairy"", ""Eggs"", ""Halal Ingredient"", ""Soy"", ""Vegetarian"", ""Gluten""]"
772d9e82-8cb7-4f19-9dfe-68d00fda6a6d,Assorted Fruits,,Pizza/Salad Bar,False,"[""Halal Ingredient"", ""Vegan""]"
17299392-7e2b-411d-ad07-912367da539e,SALAD AND DELI BAR,,Pizza/Salad Bar,False,[]
1e0e1f46-5e5a-4ef5-a938-b6b51be99aa5,PIZZA AVAILABLE AT 11 AM,,Pizza/Salad Bar,False,[]
b3157e21-97b4-4cf0-9667-381e24021c28,Pepperoni Pizza,,Pizza/Salad Bar,False,"[""Dairy"", ""Pork"", ""Soy"", ""Gluten""]"
2ee54c9f-5dd4-4c08-ba6a-aabea60a9f31,Cheese Pita Pizza,,Pizza/Salad Bar,False,"[""Dairy"", ""Halal Ingredient"", ""Soy"", ""Vegetarian"", ""Gluten""]"
c6a0bd01-83d6-4352-8f91-fd38b17b5057,Assorted Fruits,,Breakfast/Dessert/Fruit,False,"[""Halal Ingredient"", ""Vegan""]"
7919a9d8-3b0d-47f4-883c-e110869a4bfb,Breakfast Pastries (may contain nuts/peanuts),,Breakfast/Dessert/Fruit,False,"[""Food Not Analyzed For Allergens""]"
fbf2cbd1-1d97-432a-b2db-c03e011749c8,Assorted Bagels,,Breakfast/Dessert/Fruit,False,"[""Halal Ingredient"", ""Sesame"", ""Soy"", ""Vegetarian"", ""Gluten""]"
61b637b8-1afd-4362-aa39-e8a2c6902f75,Butter Balls,,Breakfast/Dessert/Fruit,False,"[""Dairy"", ""Halal Ingredient"", ""Vegetarian""]"
c27eda1c-f4db-4924-aa3a-710811aad806,Cream Cheese,,Breakfast/Dessert/Fruit,False,"[""Dairy"", ""Halal Ingredient"", ""Vegetarian""]"
ec81d9c9-c5f6-4a1a-94e2-4aa597c2f3ab,Grapefruit,,Deli Bar,False,"[""Halal Ingredient"", ""Vegan""]"
e8a10d30-2951-4971-aa78-b75ce78050bc,Plain Greek Yogurt,,Deli Bar,False,"[""Dairy"", ""Halal Ingredient"", ""Vegetarian""]"
66caa0c9-c792-419c-bb6f-e8813f5f22f2,Strawberry Yogurt,,Deli Bar,False,"[""Dairy""]"
2e102742-87ab-40ef-bab9-4c1112ab9199,Oat n' Honey Granola,,Deli Bar,False,"[""Soy"", ""Vegetarian"", ""Gluten""]"
8233d677-45d0-41b3-bdd0-c8cf7bdb86a9,Unsweetened Shredded Coconut,,Deli Bar,False,"[""Halal Ingredient"", ""Vegan""]"
c7b595aa-c392-427e-9726-9ae510e2dd2f,Chia Seeds,,Deli Bar,False,"[""Halal Ingredient"", ""Vegan""]"
f3e99c80-8fd5-4092-ab1b-76e14a8299bd,Raisins,,Deli Bar,False,"[""Halal Ingredient"", ""Vegan""]"
596d3b4e-3935-444a-a554-708e466bc6e6,Dried Cranberries,,Deli Bar,False,"[""Halal Ingredient"", ""Vegetarian""]"
bcb50427-bce7-4798-9ee0-5c24ae1d93ff,Pepitas,,Deli Bar,False,"[""Halal Ingredient"", ""Vegan""]"
d0381281-894f-440a-81b9-b2fd3e93a6f2,Sliced French Bread,,Deli Bar,False,"[""Halal Ingredient"", ""Vegan"", ""Gluten""]"
d701dd89-e0d1-4637-923a-6351d1d14acc,Sliced Honey Wheat Bread,,Deli Bar,False,"[""Dairy"", ""Halal Ingredient"", ""Vegetarian"", ""Gluten""]"
2aa8fe30-16a5-4a86-93b6-6ba8e9eb8351,Sliced Multi Grain Bread,,Deli Bar,False,"[""Halal Ingredient"", ""Vegetarian"", ""Gluten""]"
f212f71b-c480-40a4-9d68-78e5bc518c9c,Little Northern Bakehouse Allergen Free Bread Available Upon Request,,Deli Bar,False,"[""Halal Ingredient"", ""Vegan""]"
583d37e2-81cf-4d70-b96f-0d402433bc2c,Spiced Apple French Toast Bake,,Flexitarian,False,"[""Dairy"", ""Eggs"", ""Vegetarian"", ""Gluten""]"
50ce12cc-6f9b-4069-a04f-67b4ee35f4c6,Scrambled Eggs,,Flexitarian,False,"[""Eggs"", ""Halal Ingredient"", ""Vegetarian""]"
a34d1684-5213-4daf-9a7d-1f8c0d7fec58,Bacon,,Flexitarian,False,"[""Pork""]"
4e016e82-2614-4571-b23a-5e572cd0b58b,"Cheesy, Crispy Country Potatoes",,Flexitarian,False,"[""Dairy"", ""Vegetarian"", ""Gluten""]"
6aff0d34-4f4a-415b-aa15-c222290caf12,Pork Sausage Link,,Flexitarian,False,"[""Pork""]"
45961658-af63-41e6-9482-b5694af70944,Boiled Eggs,,Flexitarian,False,"[""Eggs"", ""Halal Ingredient"", ""Vegetarian""]"
6f128a02-a4f2-4f75-a3bb-c4873099fc67,Morningstar Farms Vegetarian Sausage Patty,,Flexitarian,False,"[""Dairy"", ""Eggs"", ""Soy"", ""Vegetarian"", ""Gluten""]"
6a40cdba-b490-4a51-bf7b-fc1220991722,MADE TO ORDER BREAKFAST SCRAMBLES,,Crepes,False,[]
6a1a7d0f-84e4-48cf-b7c9-33202b458d5c,Eggs and tofu are cooked in plant based butter,,Crepes,False,"[""Halal Ingredient"", ""Soy"", ""Vegan""]"
a40b149a-aee0-441d-82a7-ecbdb98fad2f,Eggs,,Crepes,False,"[""Eggs"", ""Halal Ingredient"", ""Vegetarian""]"
d979bf6a-61a7-419f-b849-42f582f2b87a,Egg Whites,,Crepes,False,"[""Eggs"", ""Halal Ingredient"", ""Vegetarian""]"
0f831b05-a63c-4108-be0b-8a63459807f3,Tofu,,Crepes,False,"[""Halal Ingredient"", ""Soy"", ""Vegan""]"
106a7e74-a3ff-467b-8f15-606bfa38543b,Chopped Turkey,,Crepes,False,[]
78658a15-64fd-4ad2-9bdb-ca9cfa34ac11,Chopped Bacon,,Crepes,False,"[""Pork""]"
6d573185-9b27-4be5-87a9-bbd1411a0495,Chopped Ham,,Crepes,False,"[""Pork""]"
f67308af-9c51-47d0-9947-6267fd8aa5c5,Chopped Onion,,Crepes,False,"[""Halal Ingredient"", ""Vegan""]"
ead6ec87-a137-4e44-af3e-4cda228e5ba0,Chopped Bell Peppers,,Crepes,False,"[""Halal Ingredient"", ""Vegan""]"
dbfabe40-5757-4ac5-a7ba-de0040fb600c,Sliced Mushrooms,,Crepes,False,"[""Halal Ingredient"", ""Vegan""]"
d0cba0fa-2116-4dcb-8e30-13e294b0896c,Baby Spinach,,Crepes,False,"[""Halal Ingredient"", ""Vegan""]"
34c8c025-51b2-4230-9d47-243c884a6aca,Shredded Monterey Jack and Cheddar Cheese Blend,,Crepes,False,"[""Dairy"", ""Halal Ingredient"", ""Vegetarian""]"
1dd4ceaf-081c-4453-badb-0c94309f0c8e,Oatmeal,,Salad Bar,False,"[""Halal Ingredient"", ""Vegan"", ""Gluten""]"
c6f6868a-8068-4ae3-b2be-192cfa645194,Balsamic Vinegar,,Salad Bar,False,"[""Vegan""]"
2084fdd6-5849-4325-97ce-b36e1435d0c6,Olive/Canola Oil Blend,,Salad Bar,False,"[""Halal Ingredient"", ""Vegan""]"
4584d782-e0bd-49fe-9def-5529f1468eed,Creamy Caesar Dressing,,Salad Bar,False,"[""Dairy"", ""Eggs"", ""Fish"", ""Soy"", ""Gluten""]"
500bf89c-0f30-45f0-aef0-9750fcb0624f,Ranch Dressing,,Salad Bar,False,"[""Dairy"", ""Eggs"", ""Soy"", ""Vegetarian""]"
0cbf0703-04e9-44b7-a31e-488d2e030e6e,Blue Cheese Dressing,,Salad Bar,False,"[""Dairy"", ""Eggs"", ""Soy"", ""Vegetarian""]"
6ea01b48-83b9-4864-8edd-f52d539ad456,Balsamic Vinaigrette,,Salad Bar,False,"[""Soy"", ""Vegetarian""]"
6018037b-7cd9-4376-b844-5d4cb3ff703f,Quinoa Black Bean Mango Salad,,Plant Based - Mezze Bar,False,"[""Halal Ingredient"", ""Vegan""]"
98628913-80d1-48c2-aa74-731a60a7f231,"Chickpea, Arugula, Carrot, and Kalamata Olive Salad",,Plant Based - Mezze Bar,False,"[""Vegan""]"
2affd5ae-352d-4bac-a735-6228aa602bad,Bulgur and Herb Salad,,Plant Based - Mezze Bar,False,"[""Halal Ingredient"", ""Vegan"", ""Gluten""]"
e0c65b1a-73a5-495e-9625-b9ad5d91ab95,Pepitas,,Plant Based - Mezze Bar,False,"[""Halal Ingredient"", ""Vegan""]"
f5ae194f-2f6e-466c-93a0-700cbc3aa0be,Roasted Sunflower Seeds,,Plant Based - Mezze Bar,False,"[""Halal Ingredient"", ""Soy"", ""Vegan""]"
d67dc03d-881b-42b5-8faa-cd5d3c9a86c6,Fire Roasted Red Peppers,,Plant Based - Mezze Bar,False,"[""Halal Ingredient"", ""Vegan""]"
fcdf9e1e-9822-42b2-a25a-dfe4c32d5504,Tri Color Corn Tortilla Chip Strips,,Plant Based - Mezze Bar,False,"[""Halal Ingredient"", ""Vegan""]"
ada39a70-55d8-4ace-94bd-149ca02cccc2,Lime Pickled Red Onions,,Plant Based - Mezze Bar,False,"[""Halal Ingredient"", ""Vegan""]"
b3409435-fe71-49b4-90ca-d1b37ab6d48a,Coconut Avocado Lime Dressing,,Plant Based - Mezze Bar,False,"[""Halal Ingredient"", ""Vegan""]"
731e17a6-ce6c-49bc-b476-3bc6311de53d,Red Wine Vinaigrette,,Plant Based - Mezze Bar,False,"[""Soy"", ""Vegan""]"
ddff3764-a991-40f1-a8fa-b41a49012ecb,Citrus and Whole Grain Mustard Vinaigrette,,Plant Based - Mezze Bar,False,"[""Halal Ingredient"", ""Vegan""]"
313370ba-da12-4ce3-b9da-579d9ceab955,STATION OPENS AT 11:00AM,,Expo,False,[]
70658bb9-a6ae-45d5-bcaf-81ea3ecffd3a,All Beef Hot Dog on White Bun,,Expo,False,"[""Sesame"", ""Soy"", ""Gluten""]"
3d6cc352-8f87-4474-87cf-f8fe21f4818f,Expo Veggie Hot Dog with Bun (available upon request),,Expo,False,"[""Halal Ingredient"", ""Sesame"", ""Soy"", ""Vegan"", ""Gluten""]"
ca260217-8155-4166-a1de-1d8b7f5e053b,Assorted French Fries,,Expo,False,"[""Soy"", ""Vegan"", ""Gluten""]"
856886a7-88ee-4c1c-9bc6-3937c5799dc9,Nacho Cheese Sauce,,Expo,False,"[""Dairy"", ""Soy"", ""Vegetarian""]"
220b27e6-cd45-4c43-a8c5-46e8af7003ab,Chopped Onion,,Expo,False,"[""Halal Ingredient"", ""Vegan""]"
7bc89dbf-dc44-47af-970b-5b9475a60c5c,Crispy Onions,,Expo,False,"[""Halal Ingredient"", ""Vegan"", ""Gluten""]"
b2fa5c4b-37f6-41b7-94b9-f30eb0bbef44,Pickled Jalapenos,,Expo,False,"[""Halal Ingredient"", ""Vegan""]"
edb37be7-9a4b-4872-93f3-8f75ba0b1205,Dijon Mustard,,Expo,False,"[""Vegetarian""]"
39801225-e9de-4440-aad7-ec15d0d163e9,Spicy Brown Mustard,,Expo,False,"[""Halal Ingredient"", ""Vegan""]"
0405ffb4-497b-46a9-8844-85ac84d7cedb,Spicy Sriracha Mayo,,Expo,False,"[""Eggs"", ""Halal Ingredient"", ""Soy"", ""Vegetarian""]"
293bf21b-2300-4cbc-8615-0b4305d0d0ac,Sauerkraut,,Expo,False,"[""Halal Ingredient"", ""Vegan""]"
e4812b63-79ef-4eac-bf46-1ff5f03b4bb6,Dill Pickle Relish,,Expo,False,"[""Vegan""]"
3d155c40-c52d-4a86-904a-aaad995809eb,Savory Quinoa and Veggie Bowl,,Plant Based,False,"[""Halal Ingredient"", ""Vegan""]"
788cfdae-3418-47a2-ac89-b02f53374095,Plant Based Chik'n Parmesan,,Plant Based,False,"[""Soy"", ""Vegan"", ""Gluten""]"
666549c4-bf55-44a5-bd8e-4d841ebacb31,Pasta with Marinara Sauce,,Plant Based,False,"[""Halal Ingredient"", ""Vegan"", ""Gluten""]"
b3185656-2c66-4e4b-9ac7-c1be6758ee32,Creamy Chicken and Mushroom Soup with Sherry,,Salad Bar,False,"[""Dairy"", ""Gluten""]"
2591b117-54f7-404d-924a-023d9fd1740a,Lentil Soup,,Salad Bar,False,"[""Halal Ingredient"", ""Vegan""]"
6a74eeec-3989-4802-8407-3122c3aa0073,Olive/Canola Oil Blend,,Salad Bar,False,"[""Halal Ingredient"", ""Vegan""]"
7c44e402-6094-4d2c-8205-e20fc12d0316,Balsamic Vinegar,,Salad Bar,False,"[""Vegan""]"
c9392169-1ec0-4ae3-8847-6770ea06a5fa,Thousand Island Dressing,,Salad Bar,False,"[""Dairy"", ""Eggs"", ""Halal Ingredient"", ""Soy"", ""Vegetarian""]"
048d14c9-e978-4623-a1b6-cd44df75aa7c,Golden Italian Dressing,,Salad Bar,False,"[""Halal Ingredient"", ""Soy"", ""Vegan""]"
fe28cb3c-fa26-42e8-8cb8-29d40319583a,Blue Cheese Dressing,,Salad Bar,False,"[""Dairy"", ""Eggs"", ""Soy"", ""Vegetarian""]"
1278507c-9269-42e5-8fa3-add147f4d9b5,Creamy Caesar Dressing,,Salad Bar,False,"[""Dairy"", ""Eggs"", ""Fish"", ""Soy"", ""Gluten""]"
617b89b7-61f9-4a23-a0b4-fc69b2c09dfa,Ranch Dressing,,Salad Bar,False,"[""Dairy"", ""Eggs"", ""Soy"", ""Vegetarian""]"
3fcaaf13-994b-4446-9a66-bfdb1c8db065,Beef and Red Wine Bolognese Pasta Bake,,Flexitarian,False,"[""Fish"", ""Soy"", ""Gluten""]"
e34c449e-faed-406f-9565-7da4c6937395,Garlic and Herb Roasted Chicken,,Flexitarian,False,"[""Halal Ingredient""]"
d0aa4a6e-6907-46fd-9fee-70af016b11c3,Braised Kidney Beans,,Flexitarian,False,"[""Halal Ingredient"", ""Vegan""]"
65db0f25-5a96-465d-a775-d08b25855690,Red Wine Braised Mushrooms,,Flexitarian,False,"[""Vegan""]"
9c25bea2-388d-466a-bd97-a890f9568477,Brown Rice Pilaf,,Flexitarian,False,"[""Halal Ingredient"", ""Vegan""]"
8ee4303a-ce29-446b-97ae-0a3da9df7cb3,Steamed Kale,,Flexitarian,False,"[""Halal Ingredient"", ""Vegan""]"
ef6bbccc-4732-4600-b76f-a674baa7ca18,BUILD YOUR OWN PITA PIZZA,,Crepes,False,[]
63a5dc80-0e2d-4de7-a725-9d773fdb29c4,Pita Bread,,Crepes,False,"[""Dairy"", ""Halal Ingredient"", ""Soy"", ""Vegetarian"", ""Gluten""]"
2ed9aefd-7ae8-4624-b35a-e1d80d678e9a,Shredded Mozzarella Cheese,,Crepes,False,"[""Dairy"", ""Halal Ingredient"", ""Vegetarian""]"
e3e0c447-f895-4f4e-a680-b5797509f7ea,Tomato Pizza Sauce,,Crepes,False,"[""Halal Ingredient"", ""Vegan""]"
720b71c2-0b92-48fc-8baf-ce9cf71872a0,Sliced Mushrooms,,Crepes,False,"[""Halal Ingredient"", ""Vegan""]"
b0a7779b-3215-4a25-b947-90fbb0c292ce,Chopped Bell Peppers,,Crepes,False,"[""Halal Ingredient"", ""Vegan""]"
959426e3-f6fa-4b96-85ae-a222e16bda36,Sliced Red Onion,,Crepes,False,"[""Halal Ingredient"", ""Vegan""]"
55f56f2b-680c-4888-946d-65d35da6f4ef,Black Olives,,Crepes,False,"[""Halal Ingredient"", ""Vegan""]"
592cbddc-f54e-4183-9412-3157701fd54a,Chopped Bacon,,Crepes,False,"[""Pork""]"
ba779c9b-5752-40dc-abe6-3bc34d540df2,Crumbled Italian Pork Sausage,,Crepes,False,"[""Pork"", ""Soy""]"
7f631d37-b873-4e53-9664-96042874ecfd,Pepperoni,,Crepes,False,"[""Pork"", ""Soy""]"
852d6053-cd83-4da7-a0b2-66d8aa5f0bd4,Quinoa Black Bean Mango Salad,,Plant Based - Mezze Bar,False,"[""Halal Ingredient"", ""Vegan""]"
ac3aeae0-c068-4392-a169-ed60316e3da8,"Chickpea, Arugula, Carrot, and Kalamata Olive Salad",,Plant Based - Mezze Bar,False,"[""Vegan""]"
146cf688-6e63-4736-bc3d-7a30c79bdac1,Bulgur and Herb Salad,,Plant Based - Mezze Bar,False,"[""Halal Ingredient"", ""Vegan"", ""Gluten""]"
040446d8-3872-450f-aee0-c0d2a87a72c7,Pepitas,,Plant Based - Mezze Bar,False,"[""Halal Ingredient"", ""Vegan""]"
ef80ff33-b6bf-4469-acc4-e4d8526ecdd4,Roasted Sunflower Seeds,,Plant Based - Mezze Bar,False,"[""Halal Ingredient"", ""Soy"", ""Vegan""]"
6dc3e46e-826e-4e4c-8bfe-d2a0ac7fc569,Fire Roasted Red Peppers,,Plant Based - Mezze Bar,False,"[""Halal Ingredient"", ""Vegan""]"
37212565-b5ee-440e-b825-554d37911f31,Tri Color Corn Tortilla Chip Strips,,Plant Based - Mezze Bar,False,"[""Halal Ingredient"", ""Vegan""]"
522e289a-8d70-48e4-8e55-39214172252c,Lime Pickled Red Onions,,Plant Based - Mezze Bar,False,"[""Halal Ingredient"", ""Vegan""]"
7662bdc0-95d4-4fb9-af62-f32e57c20697,Coconut Avocado Lime Dressing,,Plant Based - Mezze Bar,False,"[""Halal Ingredient"", ""Vegan""]"
ee9166f4-9a4e-4e1e-9468-dc2e13922e8f,Red Wine Vinaigrette,,Plant Based - Mezze Bar,False,"[""Soy"", ""Vegan""]"
0cb6c899-9347-43ee-8c96-d60b4fa5e755,Citrus and Whole Grain Mustard Vinaigrette,,Plant Based - Mezze Bar,False,"[""Halal Ingredient"", ""Vegan""]"
d8ec0613-1226-45dd-ac6a-2d974f342f96,Assorted Pastries/Desserts (may contain nuts/peanuts),,Breakfast/Dessert/Fruit,False,"[""Food Not Analyzed For Allergens""]"
b22a0e46-6074-470c-9d53-e5549c8c64f9,Assorted Fruits,,Breakfast/Dessert/Fruit,False,"[""Halal Ingredient"", ""Vegan""]"
8620fec3-3ede-4b52-a8b2-b29340f594e0,Peach Shortcake,,Breakfast/Dessert/Fruit,False,"[""Dairy"", ""Vegetarian"", ""Gluten""]"
70bb6606-5041-4dba-81d7-cff153c3b0f6,STATION OPENS AT 11:00AM,,Expo,False,[]
aeaab098-e89d-4038-aba6-9686e0283c51,All Beef Hot Dog on White Bun,,Expo,False,"[""Sesame"", ""Soy"", ""Gluten""]"
4b937c62-08de-4694-abaf-e12f6df83443,Expo Veggie Hot Dog with Bun (available upon request),,Expo,False,"[""Halal Ingredient"", ""Sesame"", ""Soy"", ""Vegan"", ""Gluten""]"
52bf5047-2caa-4e38-977c-c2b1fcd68f7e,Assorted French Fries,,Expo,False,"[""Soy"", ""Vegan"", ""Gluten""]"
31de7cc8-d168-474f-aab7-bec061f9e09d,Nacho Cheese Sauce,,Expo,False,"[""Dairy"", ""Soy"", ""Vegetarian""]"
228a73e0-a0d3-4351-8490-e0691e5df67a,Chopped Onion,,Expo,False,"[""Halal Ingredient"", ""Vegan""]"
59e48917-3f22-491e-8f74-65304e9a4ceb,Crispy Onions,,Expo,False,"[""Halal Ingredient"", ""Vegan"", ""Gluten""]"
db407441-2366-428e-8384-02fa4199f26d,Pickled Jalapenos,,Expo,False,"[""Halal Ingredient"", ""Vegan""]"
62768ba0-10d8-4fdd-990d-bb4157ab8d93,Dijon Mustard,,Expo,False,"[""Vegetarian""]"
466fc016-9718-4d0b-a608-7a156b03f71d,Spicy Brown Mustard,,Expo,False,"[""Halal Ingredient"", ""Vegan""]"
c381599a-7dff-4eff-bc7c-b0d43777202d,Spicy Sriracha Mayo,,Expo,False,"[""Eggs"", ""Halal Ingredient"", ""Soy"", ""Vegetarian""]"
713f7fb9-9e27-46fc-997a-9b3c07707dfe,Sauerkraut,,Expo,False,"[""Halal Ingredient"", ""Vegan""]"
4bf645cb-2049-4246-8407-7b711aff483d,Dill Pickle Relish,,Expo,False,"[""Vegan""]"
de264ef0-d94b-4c69-86f3-169398ae1d17,Savory Quinoa and Veggie Bowl,,Plant Based,False,"[""Halal Ingredient"", ""Vegan""]"
1922b487-d5ff-4bc9-a220-2bc8e6ad57bc,Plant Based Chik'n Parmesan,,Plant Based,False,"[""Soy"", ""Vegan"", ""Gluten""]"
218e5a3d-ef52-42ae-ab77-a0a348a2d4dc,Pasta with Marinara Sauce,,Plant Based,False,"[""Halal Ingredient"", ""Vegan"", ""Gluten""]"
92731334-c923-48f8-910b-e38df3b0d881,Cantaloupe Agave Chia Water,,Deli Bar,False,"[""Halal Ingredient"", ""Vegan""]"
8b5fde63-fcc8-4724-9a87-8b15c7644968,Tuna Salad,,Deli Bar,False,"[""Eggs"", ""Fish"", ""Soy""]"
e34f7918-ba8c-4e3d-a1fd-7a24296229b6,Sliced Turkey,,Deli Bar,False,[]
4e6c02e0-32d2-4809-980d-06762839cc25,Sliced Ham,,Deli Bar,False,"[""Pork""]"
2cfaf542-2b32-4ad4-8480-9416c2268cef,Assorted Sliced Cheese,,Deli Bar,False,"[""Dairy"", ""Halal Ingredient"", ""Vegetarian""]"
d7c44e82-e502-4407-aa81-f9eaad1f83ac,Dijon Mustard,,Deli Bar,False,"[""Vegetarian""]"
f5bba283-6079-4145-bb30-40e93b91cb5b,Mayonnaise,,Deli Bar,False,"[""Eggs"", ""Halal Ingredient"", ""Soy"", ""Vegetarian""]"
1f83d650-4ba7-4b3c-9da1-888a140151c5,Lettuce,,Deli Bar,False,"[""Halal Ingredient"", ""Vegan""]"
9784f242-66da-4c19-bdad-256bad5e5331,Sliced Tomatoes,,Deli Bar,False,"[""Halal Ingredient"", ""Vegan""]"
2ead4bac-5c4b-48b6-ba47-5dccebc2cbc6,Sliced Onions,,Deli Bar,False,"[""Halal Ingredient"", ""Vegan""]"
cd1e411d-95e2-49aa-a618-714e4dec9993,Dill Pickles,,Deli Bar,False,"[""Halal Ingredient"", ""Vegan""]"
76997c50-4d7e-4fdf-9ded-adceb1f9ca0b,Sliced Honey Wheat Bread,,Deli Bar,False,"[""Dairy"", ""Halal Ingredient"", ""Vegetarian"", ""Gluten""]"
a40141ab-6614-49fb-8a8b-a4329e3c57bd,Sliced Multi Grain Bread,,Deli Bar,False,"[""Halal Ingredient"", ""Vegetarian"", ""Gluten""]"
5410ca9d-4b74-4bb4-9eba-bb2f6d10b081,Sliced French Bread,,Deli Bar,False,"[""Halal Ingredient"", ""Vegan"", ""Gluten""]"
70eb35eb-a463-4677-a8ce-eedbc38daa7a,Little Northern Bakehouse Allergen Free Bread Available Upon Request,,Deli Bar,False,"[""Halal Ingredient"", ""Vegan""]"
30b86ff9-1191-4da9-b8a8-156b144fd41a,Made to Order Omelettes Available Until 2pm,,Hot Line,False,[]
c823cd89-5c9f-4ad9-8447-e78bc826053f,Scrambled Eggs,,Hot Line,False,"[""Eggs"", ""Halal Ingredient"", ""Vegetarian""]"
c41e94ad-2212-42b0-8f0a-7d788344d1f3,Bacon,,Hot Line,False,"[""Pork""]"
cc93e9eb-4fa4-47b9-bf46-e60a0a27c7d8,Pork Sausage Link,,Hot Line,False,"[""Pork""]"
8369aad3-634f-4e84-a2de-0acdb6103540,Tater Tots,,Hot Line,False,"[""Soy"", ""Vegan""]"
6bb6d0e4-e665-4068-a359-3f107ef8e89f,Roasted Beef with Caramelized Balsamic Onions,,Hot Line,False,[]
7fa1add3-39bf-41a6-8213-bee5df555436,Tofu Cacciatore,,Hot Line,False,"[""Halal Ingredient"", ""Soy"", ""Vegan""]"
09cfc352-4376-44d5-b80c-5fac3b4f922f,Rice Pilaf,,Hot Line,False,"[""Halal Ingredient"", ""Vegan""]"
898d394c-4eb7-4396-8b71-f356b32caff6,Sauteed Mixed Veggies,,Hot Line,False,"[""Halal Ingredient"", ""Vegan""]"
ca9296fe-f74d-4cfb-bf9e-c10dfbc0d226,Veggie Lovers' Pizza,,Hot Line,False,"[""Dairy"", ""Halal Ingredient"", ""Soy"", ""Vegetarian"", ""Gluten""]"
fd3a4221-1a95-41e1-a504-b63e18608dbd,Salami and Onion Pizza,,Hot Line,False,"[""Dairy"", ""Pork"", ""Soy"", ""Gluten""]"
8d1e39a1-3d1b-4ac1-b144-c59c89b15ac5,BURGER AND HOT DOG BAR (AVAILABLE AT 2PM),,Hot Line,False,[]
a3d8464d-5d84-49b7-bf14-750cafd6782f,Plain Greek Yogurt,,Fresh from the Farm,False,"[""Dairy"", ""Halal Ingredient"", ""Vegetarian""]"
2fceb05b-5601-4c93-bea4-a06cfa9fbd6e,Strawberry Yogurt,,Fresh from the Farm,False,"[""Dairy""]"
86bebf4d-2814-46ca-952c-611008da3337,Dairy Free Vegan Coconut Yogurt Available Upon Request,,Fresh from the Farm,False,"[""Halal Ingredient"", ""Vegan""]"
1b5a444d-c416-4c99-8972-c68150a73d1d,Assorted Fruits,,Fresh from the Farm,False,"[""Halal Ingredient"", ""Vegan""]"
367242d8-3c40-4a4e-99b6-49e9dcfb1ff4,Oat n' Honey Granola,,Fresh from the Farm,False,"[""Soy"", ""Vegetarian"", ""Gluten""]"
c24b37dd-cf6c-4525-9fe2-6320ae73fcb2,Make Your Own Waffle Bar,,Fresh from the Farm,False,"[""Dairy"", ""Eggs"", ""Halal Ingredient"", ""Soy"", ""Vegetarian"", ""Gluten""]"
12c1de41-44a7-4ff9-a1c6-a7435122aea6,Assorted Bagels,,Fresh from the Farm,False,"[""Halal Ingredient"", ""Sesame"", ""Soy"", ""Vegetarian"", ""Gluten""]"
417b7bc4-d3ea-452e-b191-17de014f170e,Cream Cheese,,Fresh from the Farm,False,"[""Dairy"", ""Halal Ingredient"", ""Vegetarian""]"
0fb91693-1862-4caf-ade1-61d9904dfde2,Sunflower Seed Butter,,Fresh from the Farm,False,"[""Halal Ingredient"", ""Vegan""]"
d9d2d3bd-51c3-4d08-90d6-4c4aeeef54ff,Butter Balls,,Fresh from the Farm,False,"[""Dairy"", ""Halal Ingredient"", ""Vegetarian""]"
0359bd4d-5a25-41c4-b419-77a08ee6f2e1,Oatmeal (available until 12pm),,Fresh from the Farm,False,"[""Halal Ingredient"", ""Vegan"", ""Gluten""]"
fc7e3845-0df3-4406-a1a8-e9c6db2288e8,SALAD AND DELI BAR,,Fresh from the Farm,False,[]
ce4ee161-ca99-4d3a-9bd8-01e3f095364f,Green Minestrone Soup with Pasta,,Fresh from the Farm,False,"[""Halal Ingredient"", ""Vegan"", ""Gluten""]"
d5279239-8931-4320-b3dd-fc0753d59313,Italian Chicken and Pasta Soup (Available at 12pm),,Fresh from the Farm,False,"[""Halal Ingredient"", ""Gluten""]"
277ece02-1fac-483f-8527-be413b935e4f,Assorted Bagels,,Breakfast/Dessert/Fruit,False,"[""Halal Ingredient"", ""Sesame"", ""Soy"", ""Vegetarian"", ""Gluten""]"
90792902-50e8-4c5b-88db-0cb42b11d437,Assorted Fruits,,Breakfast/Dessert/Fruit,False,"[""Halal Ingredient"", ""Vegan""]"
da127910-36db-408f-a716-8e64759a32b7,Breakfast Pastries (may contain nuts/peanuts),,Breakfast/Dessert/Fruit,False,"[""Food Not Analyzed For Allergens""]"
e74567db-7269-4d8a-995c-932bda984821,Cream Cheese,,Breakfast/Dessert/Fruit,False,"[""Dairy"", ""Halal Ingredient"", ""Vegetarian""]"
c5fa9cd9-602a-4fd8-a78d-6a52f8775bd3,Butter Balls,,Breakfast/Dessert/Fruit,False,"[""Dairy"", ""Halal Ingredient"", ""Vegetarian""]"
4651b803-c069-4e64-9a94-3b7340eb0627,Oatmeal,,Salad Bar,False,"[""Halal Ingredient"", ""Vegan"", ""Gluten""]"
3b1fdf74-bd4c-4123-88d5-063725052a40,Olive/Canola Oil Blend,,Salad Bar,False,"[""Halal Ingredient"", ""Vegan""]"
4d55e4b9-6ba4-46ae-a9dd-d69aa15fae90,Balsamic Vinegar,,Salad Bar,False,"[""Vegan""]"
e332493c-5d44-48ad-a82c-3c9b7e66515c,Thousand Island Dressing,,Salad Bar,False,"[""Dairy"", ""Eggs"", ""Halal Ingredient"", ""Soy"", ""Vegetarian""]"
5f391ecd-30fb-4b15-906b-c4dbd800911b,Blue Cheese Dressing,,Salad Bar,False,"[""Dairy"", ""Eggs"", ""Soy"", ""Vegetarian""]"
3d51493c-ea61-4cb7-807f-4d91bec98a8c,Ranch Dressing,,Salad Bar,False,"[""Dairy"", ""Eggs"", ""Soy"", ""Vegetarian""]"
d17096c8-2e4b-42c2-a53a-02741232a14d,Golden Italian Dressing,,Salad Bar,False,"[""Halal Ingredient"", ""Soy"", ""Vegan""]"
43209390-25fa-4e6d-aaf5-91b578de6f36,Creamy Caesar Dressing,,Salad Bar,False,"[""Dairy"", ""Eggs"", ""Fish"", ""Soy"", ""Gluten""]"
57b929ca-0f8d-4a52-b99a-f269448ef260,Plain Greek Yogurt,,Deli Bar,False,"[""Dairy"", ""Halal Ingredient"", ""Vegetarian""]"
c2b7f829-c4fc-460a-aa48-c348b534bf93,Strawberry Yogurt,,Deli Bar,False,"[""Dairy""]"
e5e74c08-9f86-430f-82ca-019825687a64,Oat n' Honey Granola,,Deli Bar,False,"[""Soy"", ""Vegetarian"", ""Gluten""]"
f37c6b5d-4917-4e2c-b51a-ed95e456889a,Raisins,,Deli Bar,False,"[""Halal Ingredient"", ""Vegan""]"
98429092-4bed-4869-9288-76f1c21e4f24,Dried Cranberries,,Deli Bar,False,"[""Halal Ingredient"", ""Vegetarian""]"
cbe5918c-66fd-49c3-b71c-f3a1996ffff8,Pepitas,,Deli Bar,False,"[""Halal Ingredient"", ""Vegan""]"
9c716f94-8c19-4ea1-99c9-bf5d4650c3be,Chia Seeds,,Deli Bar,False,"[""Halal Ingredient"", ""Vegan""]"
1b7d8ce0-cb2c-48db-84c6-57b21c5cbd0f,Unsweetened Shredded Coconut,,Deli Bar,False,"[""Halal Ingredient"", ""Vegan""]"
fc1dd2e5-c4f0-4883-a29c-ac225b85e32e,Sliced White Bread,,Deli Bar,False,"[""Dairy"", ""Vegetarian"", ""Gluten""]"
ff7260a9-1087-4f6f-b3ed-18e98edc5ff4,Sliced French Bread,,Deli Bar,False,"[""Halal Ingredient"", ""Vegan"", ""Gluten""]"
cdfb77f8-eacf-4ab0-a711-c6e2bbb107b9,Sliced Honey Wheat Bread,,Deli Bar,False,"[""Dairy"", ""Halal Ingredient"", ""Vegetarian"", ""Gluten""]"
0bc90821-a499-4dbe-ac0a-47440c7b793d,Little Northern Bakehouse Allergen Free Bread Available Upon Request,,Deli Bar,False,"[""Halal Ingredient"", ""Vegan""]"
e06b80bc-4650-4ea9-ba81-754e78714d75,MADE TO ORDER BREAKFAST SCRAMBLES,,Crepes,False,[]
5daafd65-cce3-4744-927c-7c741cedb89a,Eggs and tofu are cooked in plant based butter,,Crepes,False,"[""Halal Ingredient"", ""Soy"", ""Vegan""]"
b9cc47b7-acc0-4d85-8177-d84261487488,Eggs,,Crepes,False,"[""Eggs"", ""Halal Ingredient"", ""Vegetarian""]"
0ee29d5a-38b6-47d1-a5d1-908a0e9936d4,Egg Whites,,Crepes,False,"[""Eggs"", ""Halal Ingredient"", ""Vegetarian""]"
eefce1e5-9b47-4da2-bfa7-54f8893fec25,Tofu,,Crepes,False,"[""Halal Ingredient"", ""Soy"", ""Vegan""]"
2e6a7005-7bd2-424d-8aa8-df7eb0c29d0f,Chopped Turkey,,Crepes,False,[]
5d3af60a-7f7e-4bc9-bb08-1254d460bbf4,Chopped Bacon,,Crepes,False,"[""Pork""]"
0e9f8b31-b2d1-4dc0-b49e-5895cbb7fe38,Chopped Ham,,Crepes,False,"[""Pork""]"
b897c0fc-d33b-442b-92e1-d2f57dc11a9c,Chopped Onion,,Crepes,False,"[""Halal Ingredient"", ""Vegan""]"
baf6321c-068d-47c3-b8f9-1d0e37e46fad,Chopped Tomatoes,,Crepes,False,"[""Halal Ingredient"", ""Vegan""]"
948b8d59-4a28-4557-bd4c-46f7aacc1ae6,Chopped Bell Peppers,,Crepes,False,"[""Halal Ingredient"", ""Vegan""]"
c0851650-2c3a-4dbd-82a2-b4ed92d248bd,Baby Spinach,,Crepes,False,"[""Halal Ingredient"", ""Vegan""]"
5f3986de-1600-4ca0-a940-73af252d0a11,Sliced Mushrooms,,Crepes,False,"[""Halal Ingredient"", ""Vegan""]"
4562500d-6796-4844-b088-19a1173192d2,Shredded Monterey Jack and Cheddar Cheese Blend,,Crepes,False,"[""Dairy"", ""Halal Ingredient"", ""Vegetarian""]"
d18faf28-8f1d-4ee2-ac39-b70f2a61199f,Banana Pancake Bake,,Flexitarian,False,"[""Dairy"", ""Eggs"", ""Soy"", ""Vegetarian"", ""Gluten""]"
e13a4a78-1a6f-4116-aaed-976b1533cfe3,Scrambled Eggs,,Flexitarian,False,"[""Eggs"", ""Halal Ingredient"", ""Vegetarian""]"
6ab22063-908a-408c-98c7-7f5ce03d1d8b,Boiled Eggs,,Flexitarian,False,"[""Eggs"", ""Halal Ingredient"", ""Vegetarian""]"
3098045b-6248-49cb-af09-6f785727cf7f,Bacon,,Flexitarian,False,"[""Pork""]"
a08af49c-0e3c-4a98-9485-2bcf98088d88,Tater Tots,,Flexitarian,False,"[""Soy"", ""Vegan""]"
f3c3bb99-4c4c-4ac8-a1bd-6544f4e410da,Pork Sausage Patty,,Flexitarian,False,"[""Pork""]"
4c756d22-efc2-408c-9c93-1a30b4173826,Morningstar Farms Vegetarian Sausage Patty,,Flexitarian,False,"[""Dairy"", ""Eggs"", ""Soy"", ""Vegetarian"", ""Gluten""]"
0b943a44-c4a9-4fd1-aacc-b5e4b763867d,"Chickpea, Arugula, Carrot, and Kalamata Olive Salad",,Plant Based - Mezze Bar,False,"[""Vegan""]"
54f5db37-fa17-4a1b-a68d-aaf62052a625,Bulgur and Herb Salad,,Plant Based - Mezze Bar,False,"[""Halal Ingredient"", ""Vegan"", ""Gluten""]"
17eb5ae0-00c5-4c9e-9eb3-0bdea1b62cb3,Quinoa Black Bean Mango Salad,,Plant Based - Mezze Bar,False,"[""Halal Ingredient"", ""Vegan""]"
77737543-372b-46fa-9753-4161598aca6b,Pepitas,,Plant Based - Mezze Bar,False,"[""Halal Ingredient"", ""Vegan""]"
0acb0b59-082f-441d-b54b-5956df3d3cae,Roasted Sunflower Seeds,,Plant Based - Mezze Bar,False,"[""Halal Ingredient"", ""Soy"", ""Vegan""]"
2d77ba87-a3f4-43e7-b54b-d2ecec8a9ccc,Fire Roasted Red Peppers,,Plant Based - Mezze Bar,False,"[""Halal Ingredient"", ""Vegan""]"
9b018156-d689-4cf4-b737-bc1665134be1,Lime Pickled Red Onions,,Plant Based - Mezze Bar,False,"[""Halal Ingredient"", ""Vegan""]"
11b7d312-7174-4e36-923f-2d10458612a1,Tri Color Corn Tortilla Chip Strips,,Plant Based - Mezze Bar,False,"[""Halal Ingredient"", ""Vegan""]"
5959edb5-ab94-41df-b468-6b8ac16f2e5e,Coconut Avocado Lime Dressing,,Plant Based - Mezze Bar,False,"[""Halal Ingredient"", ""Vegan""]"
00c9e312-ccd7-4976-9b38-50d71e58f7dd,Red Wine Vinaigrette,,Plant Based - Mezze Bar,False,"[""Soy"", ""Vegan""]"
17774342-bfa3-49f2-a2cc-c7ea537ab33f,Citrus and Whole Grain Mustard Vinaigrette,,Plant Based - Mezze Bar,False,"[""Halal Ingredient"", ""Vegan""]"
e48ae68d-6644-4678-b306-d2a67c78470f,Veggie Sushi Bowl,,Plant Based,False,"[""Halal Ingredient"", ""Sesame"", ""Soy"", ""Vegan""]"
9ed8e3be-7640-4d35-8c85-cfa0bfba9963,Carrot Osso Bucco with Red Wine,,Plant Based,False,"[""Vegan""]"
949c19e0-167e-4868-bebb-4c89a4b70196,Lentil and Coconut Stew with Beets,,Plant Based,False,"[""Halal Ingredient"", ""Vegan""]"
0145f948-a1a0-4681-b263-e3b769eb74da,STATION OPENS AT 11:00AM,,Expo,False,[]
e8363530-e55f-4c64-ac17-4a28b545f7d7,Green Pork Pozole,,Expo,False,"[""Pork""]"
d0c825e8-ef03-426c-b272-e1b8409a1c06,Red Chicken Pozole,,Expo,False,"[""Halal Ingredient"", ""Soy""]"
dd4955f9-960c-423b-9a65-eb06f74f3918,Red Veggie Chik'n Pozole,,Expo,False,"[""Halal Ingredient"", ""Soy"", ""Vegan"", ""Gluten""]"
28870c2f-6238-4128-9065-9661971147a3,Shredded Cabbage,,Expo,False,"[""Halal Ingredient"", ""Vegan""]"
88ff8287-9a8d-4d6b-b30e-c4f295a510d7,Shredded Lettuce,,Expo,False,"[""Halal Ingredient"", ""Vegan""]"
45416315-45a4-45f7-8011-f72c13451f71,Chopped Onion,,Expo,False,"[""Halal Ingredient"", ""Vegan""]"
6e682899-741e-47fd-ae57-94bd71ca0d4a,Chopped Cilantro,,Expo,False,"[""Halal Ingredient"", ""Vegan""]"
55e7a366-f699-48b3-96ac-989da2924622,Shredded Radish,,Expo,False,"[""Halal Ingredient"", ""Vegan""]"
5fcd1e29-b698-4204-a578-45a8fc8061fa,Crispy Corn Tostada Shells,,Expo,False,"[""Halal Ingredient"", ""Vegan""]"
a30eac3d-3fc0-4181-9e02-c49d98246e4c,Red Pozole Chile Sauce,,Expo,False,"[""Halal Ingredient"", ""Vegan""]"
b6ded356-8d44-407b-bc7b-8abcf8c15581,Lemon Wedges,,Expo,False,"[""Halal Ingredient"", ""Vegan""]"
a4e86684-63da-4db4-802e-40d15879edac,Assorted Pastries/Desserts (may contain nuts/peanuts),,Breakfast/Dessert/Fruit,False,"[""Food Not Analyzed For Allergens""]"
acf44ed6-bdf9-423c-874f-a7b7f1da3529,Assorted Fruits,,Breakfast/Dessert/Fruit,False,"[""Halal Ingredient"", ""Vegan""]"
713fb856-ce5a-4533-bc2b-a1fe2825ef74,Peach Shortcake,,Breakfast/Dessert/Fruit,False,"[""Dairy"", ""Vegetarian"", ""Gluten""]"
3dcae2c2-0e8c-4515-9ef8-24cc390035b8,Pineapple Coconut Chia Beverage,,Deli Bar,False,"[""Halal Ingredient"", ""Vegan""]"
3b9b60a8-fc1a-4a29-b20a-7d494eae23d9,Sliced Turkey,,Deli Bar,False,[]
a0151ff5-8f35-48a8-84d5-aea37aa712e8,Tuna Salad,,Deli Bar,False,"[""Eggs"", ""Fish"", ""Soy""]"
86a3764e-3d0e-482a-8b62-979ed99c2ff0,Sliced Ham,,Deli Bar,False,"[""Pork""]"
b2ce2e8f-af8a-433d-b837-4c6c178db6fb,Assorted Sliced Cheese,,Deli Bar,False,"[""Dairy"", ""Halal Ingredient"", ""Vegetarian""]"
2c25f732-667f-4179-8c3a-400d38bf0412,Dijon Mustard,,Deli Bar,False,"[""Vegetarian""]"
8d7b0e7f-0ef8-49c9-9487-28d016691ca1,Mayonnaise,,Deli Bar,False,"[""Eggs"", ""Halal Ingredient"", ""Soy"", ""Vegetarian""]"
4eec80b4-ae0b-4ad1-80ae-d80f0c2c3db2,Lettuce,,Deli Bar,False,"[""Halal Ingredient"", ""Vegan""]"
d009bdd1-038f-448e-a7cc-130223ad2e79,Sliced Onions,,Deli Bar,False,"[""Halal Ingredient"", ""Vegan""]"
b2cf72e2-452e-4af5-8a3c-c09e5963c4e4,Sliced Tomatoes,,Deli Bar,False,"[""Halal Ingredient"", ""Vegan""]"
390d03ab-73ac-416d-88b1-ee7d1ca888a2,Dill Pickles,,Deli Bar,False,"[""Halal Ingredient"", ""Vegan""]"
932154b6-f061-489f-901b-b0d2c9bee9ba,Sliced Honey Wheat Bread,,Deli Bar,False,"[""Dairy"", ""Halal Ingredient"", ""Vegetarian"", ""Gluten""]"
7fab296d-8794-4f2d-926b-c7e3f9d34681,Sliced Multi Grain Bread,,Deli Bar,False,"[""Halal Ingredient"", ""Vegetarian"", ""Gluten""]"
77586d3b-e5f2-4628-ab4f-ebc3fe753e22,Sliced French Bread,,Deli Bar,False,"[""Halal Ingredient"", ""Vegan"", ""Gluten""]"
cb59205e-3584-4797-b569-ec7474743ae3,Little Northern Bakehouse Allergen Free Bread Available Upon Request,,Deli Bar,False,"[""Halal Ingredient"", ""Vegan""]"
ef60238f-77dc-464b-b237-562aee8d3628,"Chickpea, Arugula, Carrot, and Kalamata Olive Salad",,Plant Based - Mezze Bar,False,"[""Vegan""]"
565a05c4-97cb-4a55-b09b-329ff54beb6f,Bulgur and Herb Salad,,Plant Based - Mezze Bar,False,"[""Halal Ingredient"", ""Vegan"", ""Gluten""]"
f2731333-6127-481d-abde-380cb1394329,Quinoa Black Bean Mango Salad,,Plant Based - Mezze Bar,False,"[""Halal Ingredient"", ""Vegan""]"
f899f5db-390d-499c-b842-fcb67e92e15e,Pepitas,,Plant Based - Mezze Bar,False,"[""Halal Ingredient"", ""Vegan""]"
cb22939e-ede8-4ddb-8a1d-8de9d36aec10,Roasted Sunflower Seeds,,Plant Based - Mezze Bar,False,"[""Halal Ingredient"", ""Soy"", ""Vegan""]"
88799673-3a25-430d-869b-5cacfa960e47,Fire Roasted Red Peppers,,Plant Based - Mezze Bar,False,"[""Halal Ingredient"", ""Vegan""]"
0d7a19c5-852a-4725-8fe2-8279faa804bb,Lime Pickled Red Onions,,Plant Based - Mezze Bar,False,"[""Halal Ingredient"", ""Vegan""]"
5ba750cf-0e64-4d2a-957f-fe4acfc4f4f8,Tri Color Corn Tortilla Chip Strips,,Plant Based - Mezze Bar,False,"[""Halal Ingredient"", ""Vegan""]"
d3c3c941-1d24-41f0-abab-82ae858678a1,Coconut Avocado Lime Dressing,,Plant Based - Mezze Bar,False,"[""Halal Ingredient"", ""Vegan""]"
07cb98db-5f9e-45db-85a9-a881aee02766,Red Wine Vinaigrette,,Plant Based - Mezze Bar,False,"[""Soy"", ""Vegan""]"
06d42533-7c36-42ba-b7a7-0c18bb8d8654,Citrus and Whole Grain Mustard Vinaigrette,,Plant Based - Mezze Bar,False,"[""Halal Ingredient"", ""Vegan""]"
373b4f89-8842-4d82-bf85-166de12b1de2,Potato Cheese Soup,,Salad Bar,False,"[""Dairy"", ""Halal Ingredient"", ""Vegetarian""]"
36aa33c5-827f-4695-9891-1356fbeab9a1,Vegetable Soup,,Salad Bar,False,"[""Halal Ingredient"", ""Vegan""]"
2ca767ab-c566-4198-8eff-bb914d6f1d5d,Olive/Canola Oil Blend,,Salad Bar,False,"[""Halal Ingredient"", ""Vegan""]"
47a2bf6f-340c-4ae6-b41b-20693fc42ad6,Balsamic Vinegar,,Salad Bar,False,"[""Vegan""]"
c94c29eb-392d-4d05-9925-6d4bbfefa49f,Ranch Dressing,,Salad Bar,False,"[""Dairy"", ""Eggs"", ""Soy"", ""Vegetarian""]"
34da1582-8df0-4d72-8c98-1fd52e2579c0,Blue Cheese Dressing,,Salad Bar,False,"[""Dairy"", ""Eggs"", ""Soy"", ""Vegetarian""]"
338560aa-dd6e-4b97-804f-2eac93abc7bb,Creamy Caesar Dressing,,Salad Bar,False,"[""Dairy"", ""Eggs"", ""Fish"", ""Soy"", ""Gluten""]"
0ac4bb81-fc4c-40b1-a517-2144aed1c434,Balsamic Vinaigrette,,Salad Bar,False,"[""Soy"", ""Vegetarian""]"
a957896e-aec7-4dc4-81ec-9fdbf6b7e4b8,*NUTS AND PEANUTS ARE USED HERE*,,Crepes,False,[]
1b0b84d2-f816-496a-9324-654ffa63049b,ICE CREAM SUNDAE BAR,,Crepes,False,[]
b98e8c54-3ad9-4c7b-bcb1-d3efad47aeea,Vanilla Ice Cream,,Crepes,False,"[""Dairy"", ""Eggs"", ""Vegetarian""]"
f10bf7c1-2f53-42ae-9514-131cce873f55,Strawberry Ice Cream,,Crepes,False,"[""Dairy"", ""Vegetarian""]"
857269f2-3aaa-44e4-9c81-90045801c5b6,Chocolate Ice Cream,,Crepes,False,"[""Dairy"", ""Vegetarian""]"
b73147aa-3d91-439d-8c36-2090de2429fc,Whipped Cream,,Crepes,False,"[""Dairy"", ""Halal Ingredient"", ""Vegetarian""]"
06c3bfd8-fcfe-4123-ad73-8e4260985baa,Assorted Nuts,,Crepes,False,"[""Halal Ingredient"", ""Tree Nuts"", ""Vegan""]"
085adc8c-dd5e-4a9e-8e0e-b56ae9375c4b,Chopped Peanuts,,Crepes,False,"[""Halal Ingredient"", ""Peanuts"", ""Vegan""]"
5a8d8d96-9da4-4686-8cfd-b0bd24172e86,Crumbled Oreo Cookies,,Crepes,False,"[""Soy"", ""Vegetarian"", ""Gluten""]"
0e753b76-2a96-4cf7-a77d-5dffd9c5ca1a,Vanilla Wafers,,Crepes,False,"[""Dairy"", ""Eggs"", ""Soy"", ""Vegetarian"", ""Gluten""]"
d28c85b3-cb65-448d-90ce-2fe13ce64ee7,Maraschino Cherries,,Crepes,False,"[""Vegetarian""]"
cba944a6-e0a5-4247-8b65-218b51d34607,Raspberry Sauce,,Crepes,False,"[""Vegetarian""]"
8a36e416-a4da-4314-b6d3-87d799c12a48,Chocolate Sauce,,Crepes,False,"[""Dairy"", ""Soy"", ""Vegetarian""]"
2b1da018-9aaa-4041-958d-8643439d0cec,Veggie Sushi Bowl,,Plant Based,False,"[""Halal Ingredient"", ""Sesame"", ""Soy"", ""Vegan""]"
be68e9b1-5bfd-48e0-992f-8898d0c50b69,Carrot Osso Bucco with Red Wine,,Plant Based,False,"[""Vegan""]"
4322f7e5-75bc-43f8-bd00-4fa7a2568461,Lentil and Coconut Stew with Beets,,Plant Based,False,"[""Halal Ingredient"", ""Vegan""]"
b89cb10b-0368-455c-b5a4-2261c3bfcdc0,BBQ Spiced Pork Loin,,Flexitarian,False,"[""Pork""]"
2c2c12a9-7a1f-4fd0-8a97-a9e629944322,White Fish with Citrus and Caper Sauce,,Flexitarian,False,"[""Fish""]"
38585f77-b847-49e8-80ad-1772c4f42bd4,Pasta with White Wine Alfredo Sauce,,Flexitarian,False,"[""Dairy"", ""Vegetarian"", ""Gluten""]"
06890d20-4e5b-4beb-9fbc-095d992aeacf,Braised Garlic Lentils,,Flexitarian,False,"[""Halal Ingredient"", ""Vegan""]"
aae29962-4d21-4e6a-8bac-46fd010c996b,Steamed Carrots,,Flexitarian,False,"[""Halal Ingredient"", ""Vegan""]"
87e13224-f7b8-48b6-a74c-f88e0ac3fa99,Roasted Brussels Sprouts with Parmesan and Garlic,,Flexitarian,False,"[""Dairy"", ""Halal Ingredient"", ""Vegetarian""]"
d2037f0d-4fde-4eb7-8b52-ebaf1184eb2a,STATION OPENS AT 11:00AM,,Expo,False,[]
de448cba-76c3-47a7-9176-abd0f978f859,Green Pork Pozole,,Expo,False,"[""Pork""]"
f9e44551-bcb6-40a7-9c4c-0975cc47fb4d,Red Chicken Pozole,,Expo,False,"[""Halal Ingredient"", ""Soy""]"
c8b4ba51-71b3-408a-8610-965b5b44a0f4,Red Veggie Chik'n Pozole,,Expo,False,"[""Halal Ingredient"", ""Soy"", ""Vegan"", ""Gluten""]"
7029b2fd-222c-4a4a-84a8-cf77151949a9,Shredded Cabbage,,Expo,False,"[""Halal Ingredient"", ""Vegan""]"
146bcc48-e7da-468b-87cf-99d2c40c6616,Shredded Lettuce,,Expo,False,"[""Halal Ingredient"", ""Vegan""]"
49341b01-9cb0-4a6a-9437-d89ee47fe457,Chopped Onion,,Expo,False,"[""Halal Ingredient"", ""Vegan""]"
98305821-7925-4cbe-a366-9dc7c5a17097,Chopped Cilantro,,Expo,False,"[""Halal Ingredient"", ""Vegan""]"
e810b293-b698-474a-bf0c-8c2000ffe4f2,Shredded Radish,,Expo,False,"[""Halal Ingredient"", ""Vegan""]"
4cd3e8e9-6ad9-4d55-be48-8d31e085554a,Crispy Corn Tostada Shells,,Expo,False,"[""Halal Ingredient"", ""Vegan""]"
1599f0d1-ee89-4bd6-bdf7-e7616eff1217,Red Pozole Chile Sauce,,Expo,False,"[""Halal Ingredient"", ""Vegan""]"
aa92b117-90a6-4a9a-b8ae-e27e3165f7f2,Lemon Wedges,,Expo,False,"[""Halal Ingredient"", ""Vegan""]"
